,content
1,输血的目的有哪些？常用的血液制品有哪些，分别适用于哪些患者？
2,肽键 为什么肽键中的C-N键长度比N-Ca单键短
3,生物体如果确保遗传信息传递的准确性？ 请从复制、转录、翻译三个过程分别分析生物体确保遗传信息传递准确性的机制。
4,那么为什么肾上腺素兴奋α受体的效果不能与α对抗呢？还是说能对抗但是需要一定的时间，而升压翻转效果速度比较快？
5,盆位阑尾，女性患者，诊断阑尾炎时，是否需要问其停经史？    盆位阑尾与输卵管相毗邻，如果是女性患者，是否考虑输卵管破裂的可能，那么有可能是异位妊娠，所以要询问停经史，这样合理与否？
6,小脑萎缩   小脑萎缩是因各种原因引起的小脑容积减小，脑沟增宽，从而影响小脑的功能，以老年人多见。依据所学解剖知识，你认为小脑萎缩病人会出现哪些症状？为什么？
7,底物水平磷酸化    核苷二磷酸的磷酸化作用与底物的脱氢作用的偶联反应:底物指的是什么呢？脱氢作用指的是什么呢？
8,女性避孕   在人类的繁衍过程，女性担负着更艰巨的任务，从卵子的产生、精卵结合、胚胎着床和发育，到最后胎儿分娩，几乎都由女性单独承担。应用解剖知识，你能设想两种或两种以上的女性避孕措施吗？
9,膜片钳应用实验的链接点不进  在学习里点进膜片钳应用实验后，里面的是链接吗?打不开
10,膝关节的屈伸运动   老师你好，图上的屈伸运动为什么不是沿矢状轴啊？不应该是颅前窝最低吗
11,骨度分寸法  两锁骨中线之间的距离？是6寸？
12,后溪穴    针灸学教材上说后溪穴是八脉交汇穴，通督脉，但是看督脉离这个穴位很远，这个说法对吗？
13,第九周主题讨论第一题 1、饭前服药就是空腹服用。2、随意混用中西药。3、药品和非药品分不清。4、见有一定疗效就自主减量或者停药。5、生病时不去医院接受治疗，相信经验自行买药或者等待自愈。
14,分级护理   做大手术的病人是特级护理还是一级护理？
15,临床中遇到碘过敏小孩，0.2%碘伏是不是不能用了？换用酒精嘛？    床中遇到碘过敏小孩，0.2%碘伏是不是不能用了？换用酒精嘛？
16,秋季养生重点要注意什么？   秋季养生重点要注意什么？
17,有关肌肉收缩 如何理解前负荷，后负荷呢？
18,老师结核病的最后一题我不懂为什么选D 老师，我觉得结核病是传染病在医院会传染给其他病人，应该在对应的区域隔离治疗
19,二、《内经》对经络主要阐述了哪些内容？《内经》包括《灵枢》和《素问》两部分，《灵枢》是以论述针灸为主的医学著作，故又称《针经》，阐述了腧穴的特性，记载160多个腧穴的名称和部分腧穴的定位及主治作用。
20,如何早期识别糖尿病？
21,如何理解糖异生中的三碳途径？ 肝的糖异生是否以三碳途径为主？饱食后，机体内是否存在糖异生？
22,关于寡肽   老师你好，第九版的书中提到，"由2-20"个氨基酸相连形成的肽为寡肽，但是你讲的是十个以内为寡肽
23,胆碱酯酶   老师您好，胆碱酯酶是只针对乙酰胆碱呢，还是针对所有的胆碱能受体激动药？
24,阿胶珠的使用 老师，蛤粉炒阿胶丁囗感很差，还是听老师的捣碎冲中药液喝较好，老师你认为呢?
25,子病及母，母病及子怎样区分？ 老师，请问同时出现肝火旺和心火旺症状，怎样判断是子病及母还是母病及子？
26,第三题不会  引体向上时肩关节是怎样屈伸的？老师。
27,峻下药    京大戟、芫花、甘遂之间的泻下强度和毒性大小应如何区分呢
28,关于股三角的疑问   老师请问股三角前面是否被阔筋膜全部覆盖，若不是，请问哪一块没有被覆盖？
29,有关动作电位钾离子电化学驱动力的疑问 动作电位顶点时，钾离子跨膜外流动的电化学驱动力是90mV＋30mV＝124mV，为什么要用加法呢？我认为：钾离子外流的电化学驱动力和钠离子内流的电化学驱动力的计算方法是一样的。比如说，钠离子内流的电化学驱动力＝浓度差梯度驱动力（动力）─膜电位梯度驱动力（这里我认为是阻力）不知道我哪里理解错了，希望大家能够帮我揪出问题来，万分感谢。
30,呕血或咯血的判断   对于经口吐出的血液，可能为呕血或咯血，应如何进行分析判断？
31,糖酵解重复进行    糖酵解重复进行，是因为NADH+H+重新转变成NAD+中的NAD+的作用吗？通过NAD+参与第6步糖酵解的反应，使糖酵解得以重复进行吗？
32,老师，请问尿液的生成和排除途径是什么
33,第一小节的小结部分的话打错了 人体内20种氨基酸除了甘氨酸以外的19中氨基酸都是L-α氨基酸，这里打成“全部”了
34,阴经擦入阴道第一次怎么会流很多血呀？
35,胆息肉肝囊肿 妈妈49岁，胆息肉肝囊肿，吃了两幅中药，没见效果。这里中医说要泄，保肝护肝，老妈总是会拉肚子。请问应该用什么中药调理？？
36,病例讨论   某男性患者，16岁，近来运动后感到极度无力，门诊检查血清钾正常（4.5 mEq／L），但运动后血清钾明显降低（2.2mEq／L），经补钾治疗后症状缓解。 （1）低血钾为什么会引起极度肌肉无力？ （2）血钾增高时对肌肉收缩有何影响？请简要说明机制？
37,单元测试题目问题   为什么秋季不能早卧晚起
38,腰椎间盘突出的部位与受压脊神经根关系的临床意义。
39,交感神经兴奋的表现？ 哪个最明显？
40,老师你好，请问一下手淫通常多长时间才会射   为什么我撸了挺久的还不射呢
41,肩带周围的肌肉与肩关节周围的肌肉区别是什么？
42,b选项    椎间盘髓核不是胶状物质吗，怎么能说椎间盘是纤维软骨板？
43,艾灸贴    市场上的艾灸贴也是灸的原理吗？
44,经络组成   经络系统由十二经脉，奇经八脉、十二经别、十五络脉、十二经筋、十二皮部共同组成。 ”针灸鼻祖“皇普谧对针灸学术的贡献简述： 皇普谧吸收古典医学著作的精华，并结合自己的临床经验，写出了规范针灸学的巨著《黄帝三部针灸甲乙经》，对针灸穴位进行了科学的归类整理，奠定了针灸学科理论基础，对针灸学以至整个医学事业的发展作出了不可磨灭的贡献。
45,督脉上的问题 （1）我在书中看到督脉上有29个穴位，老师讲课时说督脉上有28个穴位，书本和老师谁对？（2）大椎穴的定位：在后正中线上，平第7颈椎棘突下凹陷中，老师讲课时说成“平第7胸椎棘突下凹陷中”，说成至阳穴了
46,不理解电位和离子的关系    我还想不通的是，书上说测出来的静息电位，是当细胞外液固定于零电位时测出来的，但是，为什么细胞静息电位是内负外正呢？不是说细胞外液是零电位吗？     …………那……电位和离子有没有关系啊……好晕
47,伤口感染者应使用什么缝合术
48,老师，请问为什么有的人冬天不怕冷，夏天不怕热呢?   老师，您好，我就是这样，冬天零下3摄氏度，短袖加校服外套，夏天30摄氏度也是这样穿，不怕冷，不怕热，是怎么回事呢
49,请问吗啡的缩瞳作用可以治疗阿托品造成的瞳孔变大吗？
50,毛发 肺部其华在发，肾水其华也在发，怎么区分？
51,标准自由能  标准自由能指的是什么呢？
52,老师前臂骨间膜，骨折时前壁应该放在中立位是吗
53,老师，请问流产和引产的区别在哪里？
54,酶促反应动力学的前提条件之一初速度  测定酶活力时应注意什么?为什么测定酶活力时以测初速度为宜?
55,耳聋 某些病变可以引起听功能障碍，产生不同程度的听力减退，统称为耳聋。按病变部位及性质耳聋可分为四类：传导性耳聋、感音神经性耳聋、混合性耳聋和中枢性耳聋。依据解剖知识，你能说说这四种耳聋的的解剖差异吗？
56,老师好，江苏东台男，冬春反复咳嗽约五年。   男性，48岁，货车司机，10年前曾在道路施工工地工作两年，有粉尘接触史，约五年前一次感冒后咳嗽，持续时间约有两月，后每年冬春咳嗽时间两月左右，无发热，痰少，吸到热气时咳嗽加重，可发生剧烈咳嗽，昼重夜轻，对症治疗可缓解，CT检查无异常，现在这个时节会自动好转。身高170.重75公斤，情绪易激动，偶有腹泻，负重或跳跃容易腰扭伤。饮食正常，喜酒，每晚三四两，烟偶尔。请老师指导该如何调理.治疗。
57,第三周的测试题第七，有疑问。 足三里是下合穴，下合手太阳小肠经的下巨虚，手阳明大肠经的上巨虚。
58,治疗 现在的针灸治疗，还有用铍针的吗？我被针灸扎过，有很细的气从脚踝处往上跑，这个就是经气传感么？
59,老师：请间虚、实的如何判断？特征是什么？“满而不能实”和“实而不能满”中“满”和“实”是什么意思？  ““满而不能实”和“实而不能满”是五脏与六腑的主要区别之一。 “满”，是指精气的充满； “实”，是指水谷的充实。由于五脏所贮藏和化生的精气，呈弥散状态，充满于五脏，故说“满而不能实”。由于六腑多为空腔器官，其功能特点是传化饮食水谷，而水谷的形质较粗，饮食入胃，则胃实而肠虚，食下，则肠实而胃虚，故说“实而不能满”。”
60,头痛连项与足太阳膀胱经有关。
61,负反馈调节的滞后和波动是指?
62,关于证是病的某个阶段的说法的疑问?  老师，我一直困惑这两个概念的相关性。比如老师所讲的感冒病，有5个不同发展阶段的证，风寒、风热、暑湿等。我想问下所谓的不同发展阶段之间是什么关系？是前后顺序关系么？就好像要从中国到美国必须经过太平洋这种顺序关系。也类似物理学里的电路串联概念。如果是前后顺序关系，那么我就很迷惑，风寒感冒一般是体表被风寒之邪所感而生病，其发展会经过变化逐渐加重入里变成其他证，比如入里化热变成阳明腑实证，但是应该不会变成暑湿证才对。暑湿证一般是人在夏天天气湿热的时候会被热邪、湿邪所伤，中于皮毛和肠胃，其与风寒感冒应该不具有相互转化过程，这两个证怎么会成为感冒的不同时期呢？同理，风寒感冒和风热感冒应该也不会相互转化才对，如果他们是串联关系，那么他们就应该可以相互转化才对。如果不同发展阶段之间不是前后串联的顺序关系，那难道是各自独立的并联关系？类似物理里电路的并联。如果是各自独立的并联关系，既然相互独立，互不影响，那就不应该称为感冒病的不同发展时期，而称为感冒病的不同子类分型似乎更合理一些，也更好理解。
63,肌注与口服  糖尿病患者在用药方面，应选择肌注胰岛素还是口服药？
64,气能生血那为什么不是气为血之母？/？ 气能生血那为什么不是气为血之母？/？
65,关于课后思考题的回答，请老师指教   有机磷中毒为瞳孔缩小，呼吸加快，流涎，肢体震颤，肌张力降低，大便失禁，心率减慢，血压下降。中枢神经系统先兴奋不安，然后出现惊厥，后可转为抑制。阿托品中毒为瞳孔扩大，口干，面色潮红，呼吸减慢，心率加快，四肢温热。中枢系统表现为先兴奋后抑制。所以两者从中枢神经系统很难鉴别，可以通过其他的临床表现来区分，比如瞳孔，腺体分泌量，心率快慢，血压高低等。
66,"第八章第一题 常用药：消毒药水，生理盐水，抗生素成份的消炎药膏，感冒用药，感冒糖浆，肠胃用药，皮肤用药，过敏药，消化药，单方用药，复方用药等 医师建议准备的其他药物 有些人患有发作性疾病,医师都会开.些预防性或是发作时需要 紧急服用的药物，比如心肌缺氧使用的硝基甘油片、气喘时使用的支气管扩张剂等。"
67,脉诊 我看过孕妇的脉，真的是如珠，像水珠滚动的往前走。左手右手强度不一样。根据这个强度真的可以分出男女么？我试过，不灵呢？
68,课本上说下颔骨分为一体两支  书上只写了下颔体和下颔支 请问老师另一支是什么 还是我理解有误
69,中医内科-气血津液病-1神经衰弱 抑郁2 血证（鼻出血、齿出血等）  1 郁病（神经衰弱 抑郁 焦虑 梅核气） 2 血证（鼻出血、齿出血、咳血、吐血、便血、尿血、紫斑）
70,糖皮质激素  糖皮质激素能够收缩血管，但是为什么在休克大剂量的时候，又能舒张痉挛的血管呢？
71,流行性感冒属于外感六淫吗？  流行性感冒（比如甲流、SARS）属于外感六淫吗？如果是，属于哪种邪？
72,关于传出神经药物分类的课堂思考题   老师您好。视频里这个题：“卡维地洛能够阻断α1受体和β受体，推测其药理作用”，我理解是，抑制α1受体和β2受体对于内脏血管平滑肌作用相反，但是皮肤、粘膜的血管平滑肌上的α1受体被抑制就会收缩，心脏的β1受体被抑制，心脏收缩减弱，冠脉的β2受体被抑制，冠脉收缩，但是药理作用怎么分析呢？血压是下降还是升高呢？皮肤会因为血管收缩而发白吗？
73,表现为月经周期或出血量的紊乱，有以下几种情况：1.不规则子宫出血。具体包括：月经过多或持续时间过长或淋漓出血。常见于子宫肌瘤、子宫内膜息肉、子宫内膜异位症等疾病情况或功能失调性子宫出血。2.青春期功能失调性子宫出血。指内外生殖器无明显器质性病变，而由内分泌调节系统失调所引起的子宫异常出血。是月经失调中最常见的一种。分为排卵性和无排卵性两类，约85%病例属无排卵性功血。3.闭经是妇科疾病中常见的症状，可以由各种不同的原因引起。通常将闭经分为原发性和继发性两种。凡年过18岁仍未行经者称为原发性闭经；在月经初潮以后，正常绝经以前的任何时间内（妊娠或哺乳期除外），月经闭止超过6个月者称为继发性闭经。4.绝经绝经意味着月经终止，指月经停止12个月以上。但围绝经期常有月经周期和月经量的改变。表现为月经周期缩短，以滤泡期缩短为主，无排卵和月经量增多。
74,手淫 手淫多了，现在每次时间特别短，该怎么办呢？
75,血浆的胶体渗透压   老师说 血浆中的百蛋白是渗透压的重要组成成分 如果白蛋白大量降低 那么及时其他蛋白升高使总蛋白量保持不变 那么胶体渗透压也将降低  但是前面不是说渗透压主要是与蛋白数量有关嘛 既然数量不变 为什么会降低勒……哭了…求指点
76,看五脏的主要病理症状，感觉自己都对的上呢？不会都有问题把？  学了这个五脏六腑怎么判断自己身体哪个器官不好真的该去医院看呢？
77,请问老师，深刺天枢穴，怎么样避免刺伤肠道呢？应该注意什么？
78,心绞痛和心肌梗死的区别    心绞痛和心肌梗死临床上有哪些不同？护士观察的重点有何不同？
79,糖尿病用药控制后如何调整用药？    经过饮食控制和用药，血糖已经下降至4.5，此时如何处理？改如何调整用药？
80,有的金属和气体也是毒物，不算药物吗
81,"股疝为何多发于老年女性，为何需要尽早手术？   股疝多发于老年、女性, 为什么？一旦确诊股疝，为何需要尽早手术？"
82,请问老师如何取得针灸医生的资质？
83,肋与胸椎的连接    第十一和第十二肋没有肋结节，那么第十一和第十二胸椎的横突肋凹连接什么？
84,干眼症    老师：干眼症在家里自己针灸不了时，按揉还不是也行？左眼干针灸时选择右边的睛明穴，风池穴么？
85,关于八会穴，都是哪些穴位？  八会穴应该有8个穴位，我只记录下6个，脉会：太渊；  骨会：大杼 ； 血会：膈腧； 髓会：悬钟；  筋会：阳陵泉;   脏会：章门；     我请教老师：（1）以上6个八会穴对吗？  （2）还有腑会和气会是哪两个穴位呢？
86,前臂骨间膜是什么连接？
87,老师我想请教一下   如果电梯坏了，要爬到10楼上课，机体如何调动心力贮备以满足代谢需求
88,但是暑邪我就很迷惑。就我的理解，暑邪基本上就是湿热两邪合并，当然暑邪还分阳暑、阴暑，感觉也就是偏湿热和湿寒。
89,关于肾上腺素生压翻转一些小问题    升压翻转如果说是在使用α受体阻断剂之后，在使用肾上腺素，使肾上腺素只存在β受体兴奋使血管只扩张不收缩而产生升压翻转作用。要知道在M受体被阻断剂中毒时，是可以使用M受体兴奋剂对抗M受体阻断剂的。
90,痛风病人在运动方面有什么要求？
91,胸膜腔穿刺术 胸膜腔穿刺术，简称胸穿，是指经皮肤、肋间组织、壁层胸膜穿刺进入胸膜腔的技术，对有胸膜腔积液、积气（气胸）的患者可以通过胸膜腔穿刺抽取积液、气体，或注入药物，进行诊断和治疗。从解剖学角度来看，胸膜腔穿刺应注意哪些问题？譬如，穿刺位置的选择。
92,左右脉搏不一致    请教老师，常理来说，左右脉搏应该是相同的，但是我测得一人的左手脉搏是77次/分钟，而右手脉搏是74~75次/分钟，请问这对于我们有什么提示？
93,请问大家，消化道平滑肌为什么对电刺激不敏感呀
94,静息电位中电位差和浓度差是什么关系？ 为什么说膜内有机负离子不能随之跨膜扩散
95,咯血 咯血的话主要是因为肺部或者心脏方面的问题，那是不是咯血的时候血是从呼吸道里咳出来的呢？那这个血液是怎么从心、肺来到呼吸道的呢？
96,老师，十二天干地支在中医理论里代表了什么？  甲乙丙丁代表的是什么？它在中医著作里频频出现，真心有点看不懂(=_=)！
97,传出神经药理 那几个受体作用太多了，学完之后一脸懵逼。大家有什么记忆的好方法吗？
98,颈椎横截面与腰椎横截面    我想问一下，书上写的颈椎横截面为椭圆形，腰椎为肾形，我们上课回答是老师说颈椎横截面不能说成肾形，为什么老师你这里说颈椎是成肾形呢？
99,心律失常   心律失常的发生机制
100,脂肪酸氧化代谢能量计算    老师，请问在计算代谢能量的时候，如何知道会经过多少次β氧化呢？如软脂酸是7次，硬脂酸是8次。
101,药茶怎样喝健康    对于大多数人来说，喝茶是很不错的调养方式，可是一年四季喝的茶都不相同，而且一种茶喝的时间也不能太长，该如何调整呢
102,冷、热疗法均有减轻疼痛的作用，其各自的作用机理是什么？
103,肘横纹至腕横纹的骨度分寸是( )A.9 寸 B.13 寸 C.14 寸 D.15 寸正确答案是12寸
104,头针顶旁1线承光穴向后引一条长1:5寸的线到通天穴吗:
105,哮喘患者是否需要随身备药？  视频中没有提及哮喘发作时的用药，可否交代一下如何备药？
106,甲状腺激素  老师甲状腺激素概述里老师只介绍了机制，结尾的时候说下节课结束药理作用，但是怎么没有相关视频呀？是忘记上传了嘛？
107,五脏调养与气血    气血不足平时要注意什么，怎样对症对人调养？平时稍做运动就会大汗淋漓，学习了这个课程才知道是肺气不足的原因，而且中焦不通，脾胃不好，脾虚面黄，被湿气包围，舌苔白厚。希望老师能抽空回复一下。
108,老师，若只是腰膝酸软呢？这样的症状与肝有关系吗？   老师，若只是腰膝酸软呢？这样的症状与肝有关系吗？
109,老师，想请问下，眼圈黑是肾的原因吗？ 老师，想请问下，眼圈黑是肾的原因吗？排除熬夜导致的
110,"老师，我自己试着针灸，好多问题，希望解救一下我    想学针灸，喜欢针灸，但是现在还没有师傅领着。所以好多问题，希望趁机问一下老师。我现在是在自己身上下针，想体会针感。患者该有的针感，和医者该有的针感我静心静气还是体会不到，或者是说不确定是不是体会到了。下面是具体的问题:1,老师，你们给患者用针的时候，很注重并且能很清晰体会到针感吗？2,《针灸甲乙经》上说，每个穴位要留针多少息。我看还有说，留针多少息没有具体要求，关键是气至，我有点晕乎。3,我找穴位的两个准则是，有凹陷，下针轻微痛或是不痛，这样找穴位，应该没问题吧？4,进针手法都是，左右捻转缓慢进针，这样行吗，我不太敢一下扎进去5,扎足三里时，针下到两三分时，总是进针困难，也感觉不到疼痛。每次都是反复捻转，向里用力，两三分钟，才能突破，然后就很顺畅下到1寸。老师，这是为什么？足三里淤堵吗？6，出针的时候，书上说，如果是释放邪气，需要摇大针孔，缓慢出针。补的话，气至，极速出针，按压针口。老师，你们也是这样操作吗7,艾灸，针灸时，唾液总是分泌旺盛。但有的时候，很黏稠，忍不住想咽，有时候，像是口水一样稀薄忍不住吐出来。好奇怪的感觉，不知道怎么回事"
111,为什么这道题，c是错的？   对于女性患者，如果怀疑盆位阑尾炎，应该询问停经史啊？
112,为什么三焦又把五脏六腑包含在内呢
113,儿茶酚胺能导致震颤的原因是什么
114,肠梗阻    老师：我肠梗阻的时候，医生把上下巨虚和条口穴都扎了，没有扎天枢和关元，这样选穴也是可以的吧？
115,孙教授，六腑的胆和奇恒之腑中的胆是同一个脏器吗？
116,那个是三种形态特征吧？    结肠带，结肠袋，肠脂垂
117,循经传导一般是定向的，用扩散来形容合适嘛？
118,同时表现出部分虚实的症状是怎么回事？ 老师，我以虚实症状对照自身表现，蓝色框内是自身判断的。请问这种虚实症状都有所表现是怎么回事呢？谢谢您的解答！
119,什么原因造成的？怎么治疗？
120,按照五行理论，苦入心可养肺好像不符合呀？   老师，在饮食损伤里讲到：“酸入肝可养心，苦入心可养肺，甘入脾可养肝，辛入肺可养肾，咸入肾可养脾”。按照五行理论，酸入肝可养心、辛入肺可养肾没问题。苦入心可养肺，甘入脾可养肝，咸入肾可养脾，好像不对吧？心为脾之母，苦入心怎么去养肺了？
121,交叉上下选穴 老师：我看视频里您选的居髎穴与肩髎穴在同一侧啊？图里是交叉的，为啥啊？
122,补发第一单元作业   一、怎样学好针灸？对于一个中医小白来说，这次的针灸课程对于我而言无疑是一个巨大的恩赐，首先买一本《针灸学》，然后跟着老师一步一步深入了解和学习这本课程，视频中教授说的学习方法：1.抓住重点。2.融会贯通（中医融会贯通）。3.多加时间（扎自己）
123,正中矢状面把人体分为结构对称的左、右两部分  答案为错误，为什么呢
124,单元测试中题目疑问  老师好，在本章的单元测试中有一道题目是血浆脂蛋白不包括A游离脂肪酸B甘油三酯C胆固醇D胆固醇酯。这道题是否有问题？不是都包括的吗？
125,案例分析：有机磷农药中毒   43岁男性农民。晚12时20分由亲友抬入急诊科就诊。患者于当日下午1-6时均在果园喷洒对硫磷。晚8时左右，感觉困倦，进食较平时少；在随后看电视时感觉图像不清楚（家人感觉清楚）；大约10时，感觉头痛、眼痛和腹痛，随之呕吐，全身出汗，说话吐词不清，呼出气有浓烈的大蒜味，而被家属急送就诊。体查见瞳孔呈针尖样改变，两嘴角不时有唾液流出，呼吸频率32次/分，心率128次/分，血压156/92mmHg，实验室检查血胆碱酯酶活力42%。诊断：急性有机磷杀虫药中毒。问题：（1）有机磷中毒直接损伤体内那个重要分子而引起上述表现？（2）患者为何会出现视物模糊不清等症状？（3）患者为何会有腹痛、呕吐，流涎和出汗？（4）患者为何出现心率增加和血压升高？（5）阿托品可以消除哪些症状？
126,我想请问一下肌肉的运动方向是什么呀
127,便溏 便溏一天一次属于便秘的范畴么
128,治疗失眠、多梦、神经衰弱宜选用(     )A.角窝上B.角窝中C.内分泌D.肾上腺.所给 的4个选项都不是正确答案。
129,肩屈范围   对于运动员或追求良好运动表现的普通人来说，肩屈170°是不是不太够，是需要加大灵活性的。
130,如何寻找胆囊管和胆囊动脉？胆囊手术出血时，如何止血？
131,为什么人们不能坚持盆底肌肉训练    盆底肌肉训练是安全有效的预防尿失禁或减轻尿失禁的重要行为措施，请大家讨论：为什么人们不能够坚持这种行为？
132,房颤 老师您好，我想请问房颤是心室率达到150次/分，出现脉搏短绌，心率和脉率不一致，那么这里的心率等于心室率么？
133,为什么老年人容易发生骨折   是因为老年时，构成骨的有机质：无机质=1:4.钙，磷沉积，使骨变得脆弱吗?这个可以根据“脱钙骨”和“炭烧骨”的定义来理解吗?
134,关于五行相生规律的运用    既然五行五脏均可补，为什么不直接谁虚就补谁，而要虚则补其母，实则泻其子呢
135,解离性药物都是酸性，非解离都是碱性吗？    也就是说大部分药物都是碱性的？酸性的药物很少吗？
136,尿酸457  抽血检查尿酸457，应该怎么办？
137,利尿药    老师，这题答案是不是错了啊
138,蝶骨 老师，那个蝶骨的鞍背，鞍结节及蝶鞍在哪？
139,养生防治开始加入学起 希望自我通过老师图文并茂讲解，知道已是改变的开始，持之以恒养生起来，做到好好爱自己！
140,关于维生素D 维生素D（vitamin D ）为固醇类衍生物，具抗佝偻病作用，又称抗佝偻病维生素。1目前认为维生素D也是一种类固醇激素，维生素D家族成员中最重要的成员是VD2（麦角钙化醇）和VD3（胆钙化醇)。维生素D均为不同的维生素D原经紫外照射后的衍生物。植物不含维生素D，但维生素D原在动、植物体内都存在。维生素D是一种脂溶性维生素，有五种化合物，对健康关系较密切的是维生素D2和维生素D3。它们有以下三点特性：它存在于部分天然食物中；人体皮下储存有从胆固醇生成的7-脱氢胆固醇，受紫外线的照射后，可转变为维生素D3。适当的日光浴足以满足人体对维生素D的需要。
141,减压反应   老师，为什么去甲肾上腺素因血压升高而有减压反应，而肾上腺素，多巴胺，麻黄碱没有呢？
142,关于维生素A 维生素A（vitaminA）又称视黄醇（其醛衍生物视黄醛）或抗干眼病因子，是一个具有脂环的不饱和一元醇，包括动物性食物来源的维生素A1、A2 两种，是一类具有视黄醇生物活性的物质。维生素A1多存于哺乳动物及咸水鱼的肝脏中，而维生素A2常存于淡水鱼的肝脏中。由于维生素A2的活性比较低，所以通常所说的维生素A是指维生素A1
143,请大家用大脑风暴法，讨论降低医院感染的具体措施有哪些？
144,老师你好，长痘是因为内脏不协调而引起的吗   老师，我的下巴，脸颊和嘴周围不断长痘，还有闭口粉刺，这是因为五脏六腑出了问题吗？
145,月经两天，因为过度运动，以前四五天的，我两天正常不
146,胸腰筋膜的范围是指哪些部位？和哪些肌、神经有密切关系？
147,脑卒中    很多老年病人在发生脑卒中时都得不到及时有效的救治而死亡
148,乳腺癌    女性乳腺是由皮肤、纤维组织、乳腺腺体和脂肪组成的，乳腺癌是发生在乳腺腺上皮组织的恶性肿瘤。乳腺癌中99%发生在女性，男性仅占1%。
149,点穴真的可以定住人体吗？
150,动作电位   绝对不应期的时间长短对机体（如人体）有什么意义吗？
151,胸廓的形态  胸廓的形态受年龄、性别和身体状况的影响而变化。你知道什么是“鸡胸”、“桶状胸”吗？原因如何？
152,在进行胸膜腔穿刺过程中要注意什么问题? 为什么?
153,为什么要单独列出暑邪？    老师，我一直很奇怪，六邪中我理解，一般都是独立概念，甚至包含相互对立的概念。
154,病案分析   患者，女，34岁，因发热伴咽痛，寒战3天来院就诊，体温38.4°C，急性病容，双侧扁桃体二度肿大，表面可见有脓苔覆盖，其他查体及胸片未见明显异常，诊断为急性扁桃体炎。 请分析: 应首选何药治疗？为什么？
155,关于内外侧求解    老师您好，我还是不太明白那个内侧和外侧是怎么回事，为什么说眼是鼻的外侧，不是近的是内侧吗？那眼不是鼻的内侧吗？
156,阴跷脉，阳跷脉……  老师：阴跷脉，阳跷脉……和十二经很近，扎针灸的时候会不会有串联感？
157,tct与hpv    老师，请问如果一个女性被诊断重度宫颈糜烂，那我们是要对这个患者进行TCT与HPV的检测，那这个顺序是怎样的，是先看HPV检测结果，如果HPV阴性，就不用检查TCT了吗？还是先检查TCT，还是两个都必须全部检查？
158,淋巴结    正常情况下我们是否可以触到腋窝淋巴结和腹股沟淋巴结？
159,冠心病        冠心病是由于冠状动脉供血不足而导致的心肌缺血性损伤，最常见的原因是冠状动脉发生了粥样硬化而致管腔狭窄，其全称为冠状动脉粥样硬化性心脏病，简称为冠心病。根据所学解剖知识，你能想象有哪些方法可以使心脏动脉血流恢复灌注吗？
160,结合上肢浅静脉的特点，讨论PICC应如何选择上肢浅静脉？
161,高血压    根据前后负荷对搏出量的影响分析患者为何血压达到180/100mmHg左右时，出现头晕、心慌、乏力，为150/90mmHg时，无上述症状？
162,腕管综合征有哪些主要临床表现，为什么？
163,"课堂讨论——案例（八）     男性, 30岁，夜间突发右下腹疼痛、恶心等症状，面色苍白。 体检时下肢强迫屈膝位，右下腹压痛、反跳痛。体温39℃，心率92次/分。急诊血常规显示：白细胞15×109/L，中性粒细胞百分比:93%（ 分叶: 86%，杆状:9% ）,嗜酸性粒细胞百分比:0.5%,单核细胞百分比 0.4%, 嗜碱性粒细胞百分比: 0.1%,淋巴细胞百分比:6%, 红细胞、血小板等诸项指标大致正常。问题：1. 分析血常规有何异常？ 2. 患者诊断考虑是什么？"
164,肌注与口服  肌注与口服
165,受体分类   老师受体分类与亚型不讲吗
166,谷氨酸，精氨酸    老师，我想问一下为什么谷氨酸和精氨酸可以使蛋白质沉淀但不变性？
167,丰隆穴定位  老师您讲的丰隆穴在胫骨前脊外一横指，书上不是两横指吗？
168,筋疙瘩    经筋的萎缩是不是指筋疙瘩？
169,脾胃虚弱，不思饮食  舌有齿痕，便粘腻，胃口差，没有饥饿感，腹部总感觉胀胀的，请问这是属于脾胃虚弱引起的吗？
170,亚健康状况  手掌发粘是阴虚所致吗、或是肝胆湿热引起的?
171,病和证的关系 老师，病和证的关系是不是可以理解为同一种病可以分为不同的类型，而这个类型就是证，就像人分为男人和女人一样？
172,胸腔积液性质判定   胸水是渗出液还是漏出液主要从哪些方面进行判别？
173,尺神经、桡神经、正中神经损伤 尺神经、桡神经、正中神经在腕部损伤时，可出现哪些主要功能障碍？
174,饮酒对糖尿病的影响？
175,家庭用药管理 如何加强家庭药箱的管理？
176,NSAIDs的镇痛作用的小问题    书上说NSAIDs可以用于牙痛头痛神经痛月经痛等，但对神经病理性疼痛无效，想问下这两个神经的痛区别在哪里？老师能举下例么
177,冠心病心绞痛一旦发作应如何处理？
178,医护人员对患者安全的影响   请收集有关医护人员影响患者安全的案例，与大家分享，并谈谈由此受到的启发。
179,胸腔积液的病理体征有哪些？
180,有关高血压的提问   老师和同学们好！请问：一个人由于长期情绪不稳定而导致的心率高(心跳快)和血压高，这种情况如果一直没有缓解，是不是离真的高血压不远了 还是 这种情况已经可以认为是高血压了？
181,主动转运   为什么通常情况下细胞外钠离子浓度高，细胞内钾离子浓度高
182,冠心病患者的运动   为什么冠心病的患者不能过分的伸腰和弯腰？这样理解不能过分？
183,为什么机体对酮体生成的原料来源有选择性？   酮体生成的原料是乙酰CoA，在肝中合成酮体，但只有脂肪动员时，脂肪酸分解的乙酰CoA增加，酮体的生成才会增加。而摄取高糖饮食时，葡萄糖也会分解产生乙酰CoA，但此时肝中酮体合成的速度并没有明显增加，为什么？
184,那我们应该怎么做，才能减少腰背部疼痛的发生呢。
185,老师，人参分为哪些，他们之间的区别很大吗   老师，以前药方里面只说加人参数钱，现在去药店抓药人家都问要哪种参，这些参的作用区别真的很大吗？
186,腋窝筋膜   膜解剖最近越来越多的被人提起，手术操作时在沿筋膜操作出血极少，术野清晰，且不容易密室方向。老师能否具体讲下关于腋窝筋膜的解剖知识以及改良根治术中如何寻找的问题，谢谢！
187,为什么葡萄糖进入一般细胞不是主动运输
188,湿气 请问去湿气的方法都有哪些？
189,脉位 老师：要是左手尺脉弱，是肾阴不足呗？那肾阴不足吃熟地黄加杜仲？杜仲补阳。你说过，补阴得加点阳的。
190,定植菌    老师，我想了解一下定植菌
191,关于肌肉特点 前臂屈肌和伸肌的连接特点
192,赖氨酸    老师，我想问一下为什么赖氨酸是合成蛋白质后才由前体转变而成的氨基酸？
193,关于生克的具体疑问？ 老师好！我一直没搞明白，五脏生克的具体是什么？到底是阳生阳，阴生阴，阳生阴，阴生阳，还是说可以是前面四种的组合？比如木生火，到底是指肝阳生心阳，肝阴生心阴，肝阳生心阴，肝阴生心阳，还是有组合的？我个人理解，主要应是指肝阳生心阳，不确定有没有肝阴生心阴？其他两种好似不应该成立。我觉得只有理清了这个才能判断虚者补其母的具体操作，比如肝阴虚到底是补肾阴还是肾阳？同理肝阳虚应该补肾阳还是肾阴。上面是关于生的，同理关于克也一样，比如木克土，到底是肝阳克脾阳，肝阴克脾阴，肝阳克脾阴，肝阴克脾阳？我个人理解应该只有肝阳克脾阳成立，不知道对不对？搞清楚了克才能搞清楚乘、侮的具体对应关系。上面只是限于正气与阴津，那么邪气会不会走生克的通路进行流窜呢？我每次问题都比较多，一串问题，希望不会浪费老师太多时间！
194,关于维生素C 维生素C（Vitamin C）又称抗坏血酸（Ascorbic Acid），含于新鲜蔬菜和水果如番茄、菠菜、桔、橙、枣等种。应用的是合成品。在体内抗坏血酸和脱氢抗坏血酸形成可逆的氧化还原系统，次系统在生物氧化剂还原作用中和细胞呼吸中起重要作用。维生素C参与氨基酸代谢、神经递质的合成、胶原蛋白和组织细胞间质的合成。可降低血管的通透性，加速血液的凝固，刺激凝血功能，促进铁在场内吸收，促使血脂下降，增加对感染的抵抗力，参与解毒功能，且有抗组胺的作用及阻止致癌物质生成的作用。
195,骺软骨成年以后不是变成骺线了吗
196,足小指。   老师：胆经到足小指，那它怎样和肝经相连系呢？肝经在足大指啊？
197,激动药与拮抗药    完全激动药与受体通常是不可逆的吗？为什么？那部分激动药呢？
198,我想问一下横断面和横切面，我不清楚
199,请问咖啡的利尿效果和利尿药机制一样吗？
200,肽键 老师，什么是α-肽键？
201,络穴 15络穴12+3，为什么做题是肾有两个络穴是正确项？？
202,药品的质量  怎么辨别家庭中变质的药品
203,子宫肌瘤   老师说的好，要在医生和患者很分的沟通后再决定治疗方案，不像有些医生擅作主张直接给人家把子宫给切了
204,请问阿托品中毒的解救可以使用M受体激动剂毛果云香碱吗？
205,十二指肠引流术    十二指肠液引流术是用十二指肠引流管经口插入将十二指肠液及胆汁引流出体外的检查方法，可协助诊断胆囊、胆管的某些疾病，还能测定十二指肠液的胰酶，以了解胰腺功能。十二指肠引流本身对胆道系统感染也有治疗作用。请问：从解剖学角度来看，插入十二指肠引流管时需要注意哪些事项？譬如路径、插入深度和位置等。
206,胆碱能神经的骨骼肌是不是应该是收缩的呢？   因为骨骼肌是由胆碱能神经的N2受体支配，支配时应该是收缩的吧？
207,骨密质位置  老师，请问一下，视频教学内容中将骨外围作为骨密质，然而，文档里讲述骨密质在骨内，与骨松质相互接近，是否有些矛盾？
208,从体表如何计数肋骨的序数？  肋位于身体的内部，从体表看不到。临床上面在体检时常用肋或肋间隙作为标志，如正常心尖搏动位于左侧第五肋间隙，距前正中线7-9cm。那么从体表如何计数肋骨的序数呢？
209,二级结构，模体（超二级结构），结构域，三级结构的关系 是（二级结构→模体（超二级结构）→结构域→三级结构）这样的关系吗？1.模体是由多个二级结构组合而成还是只能由两个或三个二级结构组合而成？2.模体可以由挨得很近的两条肽链上的二级结构组合而成吗？3.结构域是在模体的基础上进一步侧链的折叠形成的吗？
210,第三个选择题 外科颈是上端与体界处稍细的部分，是肱骨骨松质和肱骨干骨皮质交界的部位，易骨质。请问为什么错了？
211,11岁女孩如何强壮脾胃，在外面吃东西，或吃生冷容易肚子不舒服
212,胸部、胸腔和胸膜腔的区别。
213,老师，请问课程对应的教材是什么？
214,肩关节的运动 肩关节的运动中，冠状轴上的屈和伸、矢状轴上的收和展分别是什么意思，是指以冠状轴为旋转轴进行屈伸呢还是以它为移动方向进行的屈伸呢？矢状轴的收展又是什么意思？
215,老师，药物选择性高低，和特异性高低是不是没有必然联系？    所用药物作用于机体的相应受体，而且只作用于此受体，可以说特异性高，但可能这个受体在机体全身都有分布，这样的话，此药物治疗存在机体某部位的某种疾病时，必然会作用到其他部位，导致不良反应，这就是选择性低？
216,"第七章第三题 不合理用药造成的危害： 1.导致治疗失败 不合理用药不仅治疗效果不能得到充分保证,还会延误疾病的治疗,轻则无效,重则贻误救治患者的时机,危及患者的生命。 2.易发生不良反应 某些具有相同不良反应的药物,合并用药时使不良反应相加,加重对机体的损害。 使用时要认真阅读说明书，谨遵医嘱。"
217,讨论题：如何理解中医护理的内涵？   如何理解中医护理的内涵？
218,寸，关，尺  老师，我只能摸到关脉？
219,生理期痛经  咨询一下老师，生理期痛经吃止疼药会不会什么影响？
220,老师肺炎发热的首选放发，是物理降温是吧！
221,为何关于男性泌尿系统的疾病介绍不够全面？   男性会阴瘙痒，无性生活，可能是受到什么感染了，且面积逐渐变大这属于啥病，看完全部课程没有找到。希望好心人解答一下
222,结扎 男性结扎后，还能不能通过手术再恢复生育能力?
223,青光眼    瞳孔阻滞性青光眼是什么意思。
224,关于药茶   春生、养肝宜枸杞玫瑰，夏长、清心宜莲子心苦瓜，长夏化、健脾宜藿香佩兰，秋收、润肺宜雪梨茡荠，冬藏、补肾宜羊肉桂圆。
225,讨论题：   请阅读子午流注相关文献，谈一谈我们在临床护理过程中如何运用整体观念使人与自然环境达到和谐统一，请举例。
226,阑尾与阑尾炎 测验的第二题答案是不是有点问题，老师。
227,如何理解脑力劳动者要较体力劳动者   如何理解脑力劳动者要较体力劳动者需要更长的动眼睡眠时间？请老师或同学解释一下动眼睡眠时间。
228,肺经 为何肺经起于中焦
229,思考题阿司匹林排泻  风湿病患者服用阿司匹林产生水杨酸效应怎样加快排泄
230,脉诊学习中的疑问   请教老师：关于脉诊方面的知识。脉诊在中医的诊断中是非常重要的特色内容，脉诊主要是通过医生两手的三个手指触摸病人的两手腕处的一根血管内的血液充盈和气的运行强度而判断病人疾病情况，请教老师 ，1）为何同一病人在同一时刻，其左右手的血液充盈和气的运行为何有所不同？，以至与人体的五脏相对应？2）病人的左或右手上的寸关尺，都是在一只手的血管，为何说寸关尺对应的三个内脏器官的血液和气流为何不同？3）一只手腕部位的血管所处的位置是相对固定的，为何同一个部位纵向（即寸部、关部、尺部）的浮取、中取、沉取会有不同的脉象？同一纵向部位有三根血管吗？
231,四十左右停经，是不是更年期
232,蚓状肌管   老师请问蚓状肌管是什么？
233,扎针 学完成绩合格后，可以自行动手扎针吗？（在自己身上）有什么风险吗？
234,怒发冲冠   人在发怒时头发为何能“冲冠”？此时身体还会发生哪些变化？
235,请问 请问治疗胃十二指肠溃疡杀灭幽门螺杆菌的三联疗法(一种抑酸药两种抗生素)需要用药多久才能完全杀灭幽门螺杆菌呢？
236,肾上腺素   去甲肾上腺素对那种组织的作用最强？
237,关内穴    老师请问关内穴在手上到底是用两根手指还是用三根手指找穴位，百家讲坛翟双庆教授说说两根手指，但网上查很多都说三根手指，穴位如果错了的话，就没效果，求正解
238,破壁技术   我最近了解到一种中药，说是用了破壁技术，比起普通煮药，泡药，能让人体吸收更充分。销售的人还说现在有些中草药含量不确定。还可能会被农药污染。我觉得他说的有一定道理，但肯定也是一种营销手段。对于草药污染和破壁技术您怎么看？
239,腹内筋膜   老师请问腹内筋膜是包括腹横筋膜和腹膜外脂肪吗？
240,兴奋性反应 抑制由强变弱和兴奋由弱变强。什么意思
241,原发性高血压的危害很大吗
242,讨论题：请你谈一谈《黄帝内经》中有关情志护理的内容。 请你谈一谈《黄帝内经》中有关情志护理的内容。
243,胰岛素依赖方式    老师，GLUT4以胰岛素依赖方式摄取葡萄糖。
244,请问自闭症属不属于精神失常疾病
245,一种药材本身一部分属阴，一部分属阳，阴阳互根 阴阳互根，一方不能脱离另一方独立存在，那么比如生姜，外皮属寒，内心属热，即使去了皮，它本身还是存在寒的一面，那么去除皮的意义是否就不大了呢？
246,畏寒与恶寒的区别是什么？
247,老师 那个半衰期是怎样算的
248,请问老师，深刺天枢穴，怎么样避免刺伤肠道呢？应该注意什么？
249,糖的有氧氧化 糖的有氧氧化为什么生成30或32个ATP
250,脾不运化，我用加味消遥丸或补中益气丸？有没有好药治？
251,内，外侧   如何理解眼位于鼻的外侧，耳的内侧？
252,血红蛋白 肌红蛋白  课件视频中11分钟出现的血红蛋白与肌红蛋白的英文单词与11分23秒，11分50秒的英文单词不一致
253,针刺麻醉   针刺麻醉的技术能在这里学到吗
254,病案分析   患者，女，34岁，因发热伴咽痛，寒战3天来院就诊，体温38.4°C，急性病容，双侧扁桃体二度肿大，表面可见有脓苔覆盖，其他查体及胸片未见明显异常，诊断为急性扁桃体炎。 请分析: 应首选何药治疗？为什么？
255,甲硫氨酸   老师，您好！请问：课堂中您提到甲硫氨酸为极性中性氨基酸，但生化第九版书中，将甲硫氨酸归为非极性脂肪族氨基酸，哪种说法正确？为什么？谢谢！
256,高血压患者易发生心绞痛吗？  我们知道高血压患者一般都伴随有心脏功能病，这是否意味着高血压易发生心绞痛？
257,与大量输血有关的反应 什么叫大量输血？与大量输血有关的反应有哪些？其发生原因是什么？应如何预防及处理？
258,前列腺肥大  前列腺肥大是老年男性常见病之一，是由于前列腺组织增生引起。40岁以上男性的发病率明显增高，但无明显症状；50岁以后才开始逐渐出现排尿费力，尿后余沥等症状。请问：1.为什么前列腺增生后会出现排尿困难？2.体检时，如何才能触摸到前列腺？肥大的有何特点？
259,虚假新闻   在网上有文章说：女朋友手碰到男友的精子，之后女孩上厕所精液沾到内裤上导致怀孕 这种说法是不是根本没有科学依据
260,中药学    莱菔子适合胖人用，萝卜在冬季适合滋阴？从同一物所出为什么会这样呢？？？
261,骨髓瘤有什么好的调理方法   姥姥刚刚确诊骨髓瘤，想问问老师有什么好的治疗建议，目前主要症状有贫血，无力，感觉疼痛，目前在吃补气血的中药
262,Pharmacology是药理学，请问Pharmer是什么意思？   Pharmacology是药理学，请问Pharmer是什么意思？
263,住院患者跌倒预防   从多维度思考，如何预防住院患者跌倒？
264,实和满的理解 五脏满而不能实指的是:五脏生精气，不能充实谷物，六腑实而不能满：六腑能纳水谷，不能生精气这样理解对吗？
265,针刺麻醉   针刺麻醉的技术能在这里学到吗
266,除颤仪的提问 老师请问除颤仪电极片贴的位置在哪里
267,作用与呼吸系统药物  书上说倍氯米松对于哮喘持续状态，因不能够吸入足够气雾量，往往不能发挥作用，故不宜使用，为什么还选A?答案错了吗
268,肌肉 是什么肌肉的工作性质  工作角色和工作条件
269,中医内科-心脑病-1心悸 2心绞痛 心肌梗塞 3高血压 低血压 贫血 1 心悸（心慌） 2 胸痹心痛（心绞痛 心肌梗塞） 3 眩晕（高血压 低血压 贫血）
270,对体温过高的患者应如何促进其舒适？
271,第七章，第一题    第七章主题讨论第一题 1、长期以来病人对医生的依从助长了医生不合理的用药。2、有些长期慢性病病人者盲目自行服药，擅自缩短或者延长用药时间。3、病人随意购买非处方药可能导致不合理用药的发生。4、药品广告不规范，对病人消费者造成误导。
272,经络，腧穴  推拿按摩的经络穴位是不是跟针灸的经络穴位一样啊？
273,卵圆钳    老师，请问卵圆钳是哪一款呀？为什么那个海绵钳和卵圆钳好像？？？
274,关于便秘的早期症状  在这里我想问下老师，讨论区有提到说轻者会导致痔疮，肝裂，并容易造成面色暗淡和痤疮正确吗？另外早期的时候会不会有腹胀现象呀
275,请选择下面你感兴趣的问题进行讨论   1、消化系统是如何对食物进行消化的？2、为什么老人摔跤后容易出现股骨骨折且不易恢复？3、如何辨别各个部位的椎骨？4、慢性鼻窦炎是哪个部位的疾病，试从解剖的角度讨论下此病出现相应临床表现的原因。
276,降气 老师：肝气不降怎么选穴呢？心气不将怎么选穴呢？五脏与六腑将气选穴不同吧？
277,蛋白质的三级结构   请问老师，说三级结构是亚基的空间结构这种说法对不对
278,胸腔积液是怎样形成的
279,就经络历史谈经络的作用    通过听老师讲课以及阅读大量书籍知道，祖国医学最早的典籍《黄帝内经》就有大量篇幅专门讲经络，几千年来古人是怎样发现经络呢？上古时期，古人在生活中，身体某部位被石块等东西刺破或被火烧灼，而身体其他部位所患的病痛随之减轻或消除，比如不小心把食指尖（商阳穴）划伤了然后发现疼了很久的嗓子其名其妙地妇了……古人经过长期体检逐步发现摸索出针灸治疗中穴位之间贯穿着条传导路线，这条路线就是我们说的经络。经络的作用概括起来有三点。第一，联系脏腑，沟通内外。第二，运行气血，营养全身。第三，抗御病邪，保卫机体。
280,属络 老师，你好！手太阴肺经属肺络大肠是和肺大肠都相连吗？手阳明大肠经属大肠络肺是和大肠、肺都相连吗？
281,病案分析   患者，女，34岁，因发热伴咽痛，寒战3天来院就诊，体温38.4°C，急性病容，双侧扁桃体二度肿大，表面可见有脓苔覆盖，其他查体及胸片未见明显异常，诊断为急性扁桃体炎。 请分析: 应首选何药治疗？为什么？
282,为什么肝病病人的调养中，静养比剧烈运动更重要？    请用五脏“肝”的理论，讨论为什么肝病病人的调养中，静养比剧烈运动更重要？（请点击“回复”，回答本题可以获得讨论分。注意：点击“向老师提问”是没有讨论分的哟）
283,患者入院时的心理体验是什么？
284,如何控制高脂血症预防脑卒中？银杏树叶晒干直接泡茶喝可以吗?
285,问题 为什么混合型高脂血症不能用烟酸？书上说烟酸适用的啊
286,当体温升高时，体内的（）活性增强，有利于炎症的修复  这题答案为什么不是吞噬细胞？
287,想问下胰岛素依赖方式是怎么样的机制啊？
288,静脉输液可以使用的部位有哪些？应根据什么选择输液穿刺静脉？
289,第三题    1.片剂片剂多为白色，若颜色变深，表面出现花斑疏松、膨胀、受潮、粘连、发霉或结晶等现象出现时，说明该药品已经变质。 2．注射剂 注射剂的质地都是澄清的，如发现内有白点、沉淀物、浑浊、纤维、絮状物、杂质等，均不能使用。 3．其他剂型眼药水类，如有结晶析出，或有霉点、絮状物出现，浑浊及变色均不可使用；粉针剂，当粉末受潮后结成块或粘瓶壁时，不可再使用；酊剂，出现发霉、沉淀或异味时不可使用。丸剂，如出现发霉、水丸松解或潮解、蜜丸变硬、变干、虫咬或出现异味等，均不能使用
290,针灸治病   挺喜欢给父母用刮痧的方法 来治疗疼痛的
291,请问，骺软骨在何时形成骺线，人不在长高的时候？骺线的形态？
292,术后(室间隔修补，右流出道疏通)显示完全性右术支传导阻滞，这是伤害了隔缘肉柱吗？严重吗？谢谢老师
293,神经的7种性质分别是什么意思？    一般躯体运动性，一般躯体感觉性等等，7种性质，分别是什么意思？
294,濡养滋润   血的濡养滋润和津液的濡养滋润有啥区别？
295,第二周（解表药）   请问在教学视频中讲到，麻黄的发汗作用具有相对性，又说麻黄在解表药中排名第一。是自相矛盾吗？求解，谢谢
296,胸肋 如果右胸第七肋骨骨折，大概是什么原因导致的？
297,上臂中段骨折，为何会在手部出现垂腕征和虎口区皮肤麻木的表现？
298,雌孕激素的生理功能  雌激素分为雌酮，雌二醇，雌三醇。雌激素主要由卵巢分泌，生理作用主要是维持女性生殖功能及第二特征。绝经期以后，雌激素水平会逐渐下降。女性体内的孕激素由卵巢，胎盘和肾上腺皮质产生。通常在雌激素的作用基础上发挥作用，主要是使子宫内膜转化为分泌期，使子宫内膜周期性脱落形成月经。在妊娠时利于胚胎着床，并防止子宫收缩，使子宫在分娩前处于静止状态。同时孕酮还能促进乳腺腺泡发育，为泌乳做准备。
299,三羧酸循环  三羧酸循环的各种中间产物本身无量的变化。
300,家庭备药的主要种类  解热镇痛药：如阿司匹林、去痛片、消炎痛等。 治感冒类药：如扑感敏、新康泰克、速效伤风胶囊、强力银翘片、白加黑感冒片、小儿感冒灵等。 止咳化痰药：如必嗽平、咳必清、蛇胆川贝液、复方甘草片等。 抗菌药物：如氟哌酸、吡哌酸、环丙沙星、复方新诺明、乙酞螺旋霉素。 胃肠解痉药：如普鲁本辛、654-2等。 助消化药：如吗丁啉、多酶片、山楂丸等。 通便药：如果导、大黄苏打片、甘油栓、开塞露等。 止泻药：如易蒙停、止泻宁、思密达等。 抗过敏药：如塞庚啶、扑尔敏、苯海拉明等。
301,人体直立   人由四足爬行走变为两足直立行走，请问维持人体直立的肌肉主要有哪些？
302,怎么区分髂前上棘和髂后上棘
303,人医里是不是很少用连续伦伯特和库兴式缝合？  人医里是不是很少用连续伦伯特和库兴式缝合？一般只看到康奈尔缝合
304,股动脉穿刺部位    在股三角内行股动脉穿刺，应接近腹股沟韧带作动脉穿刺，还是应接近股三角下端、近收肌管处穿刺？为什么？请列举你的理由。
305,为什么随着年龄的增大，身体对外界的反应越明显
306,结合脏腑理论，举例说说气血津液理论如何运用到调养和治疗中   可以从气血津液各自的功能入手，去举例。也可以从气血津液的相互关系入手，去说说气血津液理论在治疗和调养中的运用（请点击“回复”，回答本题可以获得讨论分。注意：点击“向老师提问”是没有讨论分的哟）。
307,请帮我看一下这道题，谢谢！  56．在其他因素不变的情况下改变底物浓度时：A．酶促反应初速度成比例改变           B．酶促反应初速度成比例下降C．酶促反应速度成比例下降             D．酶促反应速度变慢E．酶促反应速度不变
308,为什么弱碱药物解离要和质子结合
309,淘米水、面粉碱性来洗水果中和农药的说法是错误的    淘米水和面粉洗水果蔬菜之所以能清楚农药，是因为淘米水和面粉里面的粉微粒的较强的吸附性，可以吸附残留的农药，这是利用淘米水和面粉的物理性质。并不是酸碱中和，老师不要误导学生哟
310,阿托品应用会引起缺氧吗？   阿托品应用会引起缺氧吗老师？机制又是什么
311,脱氢 三羧酸循环一共有四次脱氢，
312,请教老师在讲课中提到“六脏”？    老师好，通常我知道：“五脏六腑”，现在老师讲课中提到六脏，六腑，请老师详细告知一下是哪六脏吗？
313,针灸麻醉有时效限制吗？
314,请教老师一个问题   《医学生理学》第3版(主编 管又飞 刘传勇）上说：“有人认为，破伤风毒素，狂犬病病毒由外周向中枢神经系统转运的机制，可能就是逆向轴浆流动。”这两种物质可在一个神经元内运输，那这两种物质是如何从一个神经元到另外一个神经元的呢?
315,睡时出汗为盗汗，是阴虚，是哪里的阴虚呢？   请问，睡时出汗，醒了就没汗了，为盗汗，是阴虚。那是哪里的阴虚呢？肺阴虚。肝阴虚，还是肾阴虚呢？如何治疗呀？
316,成人没有骺软骨，为什么是错的
317,模体 模体是超二级结构的另一种叫法，还是属于超二级结构的一种？
318,老师，子宫的病变和哪一个脏器关系最大呢？
319,优势半球  人大脑的两个半球形态结构是类似的，但处理信息的模式不同。所以，功能虽然基本相同，但各有优势方面。以语言为例，大多数人的语言功能更多地依赖左侧半球，称为语言优势半球，也称优势半球。你了解两个大脑半球功能上有哪些更多的区别吗？
320,局部电位   局部电位有什么用途？它的生理意义是什么？
321,为什么毛果芸香碱高浓度可以使青光眼加重？   是因为瞳孔括约肌收缩使房水循环受阻吗
322,鼻旁窦炎   鼻旁窦炎，也称鼻窦炎，是鼻旁窦粘膜的炎症，包括急性和慢性鼻旁窦炎。
323,通风可以治愈吗？或者通过哪些饮食、生活方式和运动有改善吗？会
324,竞争性拮抗药 老师您好，想问一下，当竞争性拮抗药与激动药并用时，亲和力降低，内在活性不变对吗？
325,长脉和短脉  老师：寸关尺盖有多长？一寸？超出一寸就是长脉了吧？
326,牙痛 普通牙疼和冠心病引起的牙痛有什么不同？
327,尸厥 您说，虢国太子耳中有咚咚声，鼻翼煽动，股沟尙热。那么，是他肾气未绝，肺气未绝么？股沟热指什么？
328,正中矢状面  将人体从前后 分为左右两个面不对吗？
329,讨论题    1.试述你对“全民健康、健康中国”是如何理解的？2.你觉得未来的中医护理，有哪些特色和优势？
330,避免：1、明确用药指征，避免不合理用药严格掌握NSAIDs的适应证和禁忌证，按照个体化原则，合理选择药物。  避免不必要的长期大剂量用药，避免重复用药（尤其注意一些复方制剂）。 NSAIDs毒副作用与疗程和剂量相关，因此，在保证疗效的前提下，应使用  最小剂量及最短疗程。2、进一步完善合理用药政策 。加强合理用药的监管是卫生部、国家食品药品监督管理局等政府部门的基本职责，其可规范医疗机构和医务人员临床用药行为，使合理用药有章可循。3、合理用药的全程控制。加强对公众的合理用药宣传教育通过多种形式的宣传教育活动对公众进行基本用药知识的普及，可以有效预防不合理用药的发生。
331,第二周    麻黄的用法用量指出，“煎服，2-10g麻黄生用发汗解表，炙用止咳平喘”是什么意思？
332,气逆咳嗽   请问老师是不是所有的咳嗽都是气逆引起的呢？我记得好像有肺热咳嗽，那么肺热是肺不能宣发，也就是升不及，这个不是气陷吗？还是说气陷只能发生在脾和肾。
333,心肺复苏病人怎末放  老师，你好，想问一下做心肺复苏时患者最佳的身体位置怎末放，就是正常的平放吗？
334,中药学    为什么要结合气味来理解药物的功效？
335,院感 有哪些不是医院感染
336,如何从对比手足心与手足背的温度判断外感还是内伤？   如何从对比手足心与手足背的温度判断外感还是内伤？（请点击“回复”，回答本题可以获得讨论分。注意：点击“向老师提问”是没有讨论分的哟）
337,经期性生活会导致怀孕么
338,安全期+避孕套两种避孕方式一起效果会不会大大提高?
339,为什么上颌窦炎发病率较高？
340,老师，您好。除颤仪用好后，继续进行心肺复苏吗？    老师，您好。除颤仪用好后，继续进行心肺复苏吗？
341,第二题为什么看不出来上下啊  老师，您好，请问一下第二题的CT为什么看不出来上下啊，这里可以看到心脏的左右位置，这样的话上面看心尖向左，下面看心尖向右
342,腹膜腔    打开腹膜腔可以看到哪些器官？哪些可以移动？哪些不能移动？为什么有这些区别？以下切口所要经过的层次。
343,健康宝贝计划：照射X光、吃药、饮酒后怀孕的孩子能不能要？   照射X光、吃药、饮酒后怀孕的孩子能不能要？
344,眼睛白眼球出现血块，怎么判断，要考虑肝经吗？
345,辨证论治属于病证结合吗
346,关于胸部按压深度5-6CM，按压次数100-120/分钟的问题？   Hi 老师，
347,讨论题    除视频中所述的6种方法外，有无其它中医护理技术可以用于痛痹中？如穴位按摩、穴位注射、药物敷贴、耳穴埋籽等？如可，该如何运用？
348,湿度 对于气管切开手术的病人，病房湿度一般要在哪个范围内最好
349,请老师解答，谢谢！  35．关于温度与酶促反应速度关系的叙述错误的是：A．酶在短时间可耐受较高温度         B．酶都有最适温度C．超过最适温度酶促反应速度降低     D．最适温度时反应速度最快E．以上都不是
350,关于痛风的几个问题  1，痛风是否可以根治2，如果可以，请问目前最好的方法是什么
351,中国人的期望值寿命达到76.34岁，为什么答案正确是2015年选项？ 老师：2016年7月24日我们国务院新闻办公布了《国家人权行动计划》的实施评估报告：我们中国人的期望值寿命已经达到了76.34岁，为什么答案正确是2015年选项？
352,中医内科-肺病-1 咳嗽 2 哮病（哮喘） 3 喘病（呼吸困难）   1 咳嗽2 哮病（哮喘） 3 喘病（呼吸困难）
353,阴阳五行互相联系，相互影响，从何入手进行治疗 阴阳五行互相联系，相互影响，那么一些复杂的症状，如何找到问题根源，如何判断从何处下手进行治疗？
354,外用消炎消毒药：酒精、碘酒、紫药水、红药水、高锰酸钾等。 外用止痛药：如风湿膏、红花油等。
355,维生素与抗氧化    请分析脂溶性和水溶性维生素中，哪些维生素具有抗氧化的作用，机制是什么？
356,如何判断阳虚或者阴盛呢？   如果是怕冷的体制，请教老师如何判断阳虚或者阴盛呢？谢谢
357,下列对神门穴的描述不正确的是？回答A是错误的。    A八会穴 B治心悸失眠 C在腕横纹上 D原穴
358,对密切观察血压的患者，测量血压时应注意什么？为什么？
359,压疮护理的误区与进展
360,对急性左心衰患者的处理有包括哪些?
361,第三题    外科颈难道是位于内侧吗？要不然为什么第三题判断是错的呢？
362,脑干损伤       脑干损伤是一种严重的，甚至是致命的损伤。重症脑干损伤疗效甚差，其死亡率几乎占颅脑损伤死亡率的三分之一。依据所学解剖知识，为什么脑干损伤往往是致命的？煤气中毒后的植物人是脑干损伤吗？请列举一些脑干损伤的原因。
363,单元测试的题目疑问  琥珀粉为什么可以烊化服用？
364,干眼症    老师：干眼症在家里自己针灸不了时，按揉还不是也行？左眼干针灸时选择右边的睛明穴，风池穴么？
365,消毒灭菌方法 根据前面学习的理论和方法，分别讨论医院环境、医院被服类、患者皮肤和黏膜、医院污水污物的处理方法。
366,关于前臂肌  老师，您好，请问前臂肌前群课件中只看到9块肌肉，但您说有10块，请问还有一块是什么肌肉呢？
367,老师，梅核气应该怎么治疗呢？
368,少阳头痛   老师您好！请问偏头痛所属少阳脉，取穴足临泣，经络所过主治所及，取本侧还是对侧的足临泣效果好呢？谢谢
369,动脉压升高，后负荷升高为什么是等容收缩期   动脉压升高，后负荷升高为什么是等容收缩期
370,阴阳 什么是阴病治阳，阳病治阴
371,老师您好！请问左右经脉腧穴，为何选单侧或者双侧?依据是……?
372,面瘫需要多长时间才能改善流口水
373,蛋白质结构域，是不是属于蛋白质二级结构和三级结构的中间结构？
374,我想问一下，肩周炎针灸那几个穴位效果好，针灸几次就有效果了
375,体表的第二肋连接处不明显   胸骨角外侧与第二肋连接处，怎么摸才能更清晰的感觉到，摸自己的不明显
376,便秘 这里只讲了大便干结怎么处理，没有讲后面几种情况的，是所有便秘处理都一样？还是？
377,局部电位与动作电位  局部电位与动作电位的区别是什么？
378,自发性气胸的类型   根据脏层胸膜破裂口的情况和气胸发生后对胸膜腔内压力的影响，可分为那三种类型？
379,胸胁 请问老师，左右两边肋下都属于胸胁的范围吗
380,诱发肝性脑病 肝硬化的患者在哪些情况下易发生肝性脑病
381,左手打结   老师你好，左手打结持线方式是和右手打结持线方式相同操作步骤相反（右手持线在上）还是持线方式相反操作步骤相同
382,第一题    消毒药水、生理盐水、含抗生素成分的消炎药膏、感冒用药、单方药物、复方药物、感冒糖浆、肠胃用药、皮肤用药等等
383,老师，第一题，它使用了抗生素，不应该是细菌种类吗？
384,冲服是什么意思?哪些中药可以冲服?
385,怎么基于阴阳学说确认病和证？ 今天又看了一遍视频，还是有些不明白
386,其他肺炎   后面几个其他肺炎（衣原体、病毒性、真菌性）不是特别重要吗？
387,青霉素的治疗指数TI大，临床上应用该药物时是否绝对安全？   青霉素的治疗指数TI大，临床上应用该药物时是否绝对安全？
388,椎间盘    老师，腰间盘突出时，髓核为什么是向后突出的？
389,砭石 老师：砭石和刮痧板一样吗？意思相同吗？
390,吗啡可以导致胆绞痛，为什么阿托品治疗胆绞痛时还要合用它呢？
391,中医护理的特点    整体观念 ，辩证施护，这个答案为什么错啊？
392,养生 得了病去找医生、不得病应找养生（本人），由此比医院更好的就是养生院。
393,老师您好！请问左右经脉腧穴，为何选单侧或者双侧?依据是……?
394,无保护性生活是什么意思？
395,体液调节与  心交感神经兴奋时冠状动脉扩张为什么是体液调节
396,长期有痰   本人男，22岁，平时不抽烟不喝酒，近年来长期嗓内有清痰，体检诊断肺部存在感染，经学习发现，皮肤毛糙，有黑头，也可能于此有关系，这种情况属于咋回事，须如何治疗
397,脉象的迟、紧以及数是什么意思？    老师，请问脉象迟、紧以及数分别是什么意思呢？
398,ST向量由正常心肌指向损伤心肌，那上面一句话的前半句说明是心内膜下心肌损伤，但是T波倒置说明是心外膜下心肌损伤。这样不是就矛盾了吗
399,请选择下面你感兴趣的问题进行讨论   1、根据所学的解剖学知识，试回答：（1）作气管切开时，应选择什么姿势和部位？为什么？（2）从皮肤到达气管，需经过哪些层次? 2、根据甲状腺的毗邻关系，试分析甲状腺肿大时可能引起的症状?3、 某患者需做甲状腺大部分切除手术，根据你已学过的解剖学知识，试回答：（1）从皮肤到达甲状腺组织，要经过哪些层次？（2）结扎甲状腺动脉时应注意什么？应防止损伤什么结构？如何预防，若导致损伤，可出现什么后果？4、“危险三角”在哪个位置？其解剖学基础是什么？5、面瘫的病因是面神经损伤，试用本章知识解释本病可能的症状。6、“大舌头”真的舌头比普通人大吗？其解剖学基础是什么？
400,胃气 我自己由红舌（没有苔）到有了白苔，就是有胃气了对么？而且，我应该是气分病了。气分病了治谁？是不是治肺？
401,特定穴    胃痛可以选哪些特定穴？1·五腧穴：厉兑，內庭，陷谷，解溪，足三里2·原穴：冲阳3·络穴：丰隆4·郗穴：梁丘5·背俞穴：胃俞6募穴和八会穴：中院7·八脉交会穴：公孙，内关8·下合穴：足三里是可以取这些穴位吗？谢谢老师解答，谢谢！
402,高血压    根据影响动脉血压的因素，分析爱吃大鱼大肉与高血压的关系
403,选择性cox-2抑制药    为什么它的不良反应是凝血障碍，而不是引发血栓呢？
404,递质 外周胆碱能神经合成与释放的递质是琥珀胆碱？为什么？
405,胃肠病    老师，您好，我这最开始一直是肚子不消化，而且没有大便意思，但是左下腹一直憋的难受，去医院看，让做了一个胃镜，检查的结果是浅表性胃炎伴胆汁反流性胃炎。然后开了西药加中成药，吃了一个多月，时好时坏。最后改看中医，中药吃了两个多月，吃饭可以了，排便也顺畅了，就是一吃油腻的或者凉的过上半小时就腹泻。因为可以吃饭了，也没太在意，就是不吃太油腻和凉的东西。然后就到深圳找了一份工作去上班了。因为经常去其他地方出差，所以吃饭都是在外面的餐馆或者项目所在工厂吃饭，然后出现一个情况就是中午一吃米饭，过上一个小时然后就腹泻拉肚子。开始也没太在意，因为也不用吃药，只要不吃米饭，改吃面食，再喝点酸奶就好了，有时候也吃药(诺佛沙星，复方黄连素)。(在南方总是会吃到米饭)后面这种情况反复出现，持续了一年多，然后就是只要腹泻还会伴随着腰痛腰胀膝盖酸。过年回家，也是怕冷，肚子凉，一凉也腹泻，穿衣服比别人多，但还是稍不注意(比如上个厕所)，也会着凉腹泻。没办法再次去看中医，吃中药两个多月。现在不腹泻了，但是还是不想吃饭，左下侧腹部憋的难受，但却没有大便的意思，腰还是有点轻微胀痛，膝盖也会酸。老师，我该怎么办？！
406,峰电位期间的钠通道  峰电位期间钠通道就完全失活吗？那动作电位的上升支还怎么产生？
407,眼睛 您说，眼睛有病是胆经。那肝经不是和眼睛有关么？比如，左眼睛干涩，怎么治？治肝还是治胆？
408,无规卷曲和Ω环    请问下老师这两个有什么区别呀，我看课本上没有无规卷曲，谢谢老师
409,关于中药煎煮 前两周正好上了中药煎煮的实验课，使我对中药煎煮的理论知识记忆更深刻了。我获得的最大的体会是中药的煎煮没有我曾经想象的那么简单。因为小时候体质不好，容易生病，奶奶总是会为我煎中药吃，我曾经一度以为煎煮中药和煎煮其他食物应该类似，没有太大区别，直到学习了有关煎煮中药的课程并且自己也有了实践，才了解煎煮中药有很多讲究，只有细致正确的完成每一步，才能让中药的药性、药效得到最好的发挥。
410,痛风 长期憋尿是否会导致痛风
411,有关口味的问题？   有人有时突然想吃甜的或者想吃咸的、辣的等等，这是反映人体需要这种味道还是病变呢？譬如，喜欢吃甜的，但是又脾虚，那摄入甜的是补脾还是在伤害脾脏呢？
412,请问乳房部分的刮痧是以乳头为中心向四周还是四周向乳房刮呢？
413,求教一个问题 请问老师尿胆素原和尿胆原有区别吗？
414,药理 药理推到有些难度
415,老师好，请问老师：  艾灸现在很盛行，现在用艾灸架做艾灸，代替手悬灸，使用艾灸架子做艾灸的效果，和手持悬灸的作用有区别么？
416,汤者荡也，作用会起效快，而且可以随病情变化而灵活用药。但是药方需要医生开出，且煎药不方便，，因此不适宜慢性病长期用药。
417,嗅气味诊病的规律是什么？   嗅气味诊病的规律是什么？（请点击“回复”，回答本题可以获得讨论分。注意：点击“向老师提问”是没有讨论分的哟）
418,保护具的不当应用可给患者带来哪些伤害？
419,课堂讨论——案例（一）            患者，男，32岁，发热伴咳嗽、咳痰3天。 3天前患者因淋雨受凉后感全身不适与咽痛，继而出现畏寒、寒战，约半小时后觉发热、头痛，自测体温39.6℃，伴有咳嗽和右侧胸部疼痛，胸痛以咳嗽及深呼吸时加重。自服“去痛片”后出汗，体温无明显下降。1天前再次出现寒战，体温高达40.4℃，咳嗽和胸痛加剧，并咳出少量铁锈色痰，遂来我院就诊。患者自发病以来，食欲下降，睡眠差，大小便无明显异常，近期体重无明显变化。既往体健，否认肝炎、结核等传染病史及密切接触史，否认药物食物过敏史，无特殊毒物接触史。体格检查：T 38.8℃ P 103次/分 R 30次/分 Bp 100/66mmHg，青年男性，神志清，精神差，急性病容，发育正常，营养中等，自主体位，查体合作。全身皮肤黏膜无黄染、皮疹及出血点，无肝掌、蜘蛛痣，颈部、腋窝、腹股沟等浅表淋巴结未触及肿大，咽部无充血，扁桃体无肿大。胸廓对称，右侧触觉语颤增强，右下肺叩浊音，右背部肩胛下角以下及腋下可闻支气管呼吸音和少许吸气相细湿音，左肺呼吸音粗，未闻及明显干湿啰音。心率103次/分，律规整，各瓣膜区未闻及病理性杂音。腹部平软，无明显压痛、反跳痛，肝脾肋下未及，肠鸣音正常。双下肢无水肿，双侧巴氏征、脑膜刺激征阴性。辅助检查：血常规WBC16.7×109／L，N%：83%，血红蛋白:140 g/L， 血小板计数:375×109/L。胸部X线片：右肺中下野见片状密度增高影、边缘模糊。诊断： 右肺感染。胸部CT：右下肺可见大片状实变影，其内可见支气管气影。印象：右下肺肺炎。【思考题】根据以上资料，该患者的诊断及诊断依据是什么？
420,选第三题   1.片剂片剂多为白色，若颜色变深，表面出现花斑疏松、膨胀、受潮、粘连、发霉或结晶等现象出现时，说明该药品已经变质。2．注射剂 注射剂的质地都是澄清的，如发现内有白点、沉淀物、浑浊、纤维、絮状物、杂质等，均不能使用。3．其他剂型眼药水类，如有结晶析出，或有霉点、絮状物出现，浑浊及变色均不可使用
421,腔隙性脑梗怎么用针灸治疗   60岁老人，每天头痛昏睡，身体疲劳，不爱说话。在医院核磁检查为腔隙性脑梗，这个病症怎么用针灸治疗？
422,老师好，我想问一下经络是不对称的吗？
423,两个治疗原则的问题  老师如果肾水不足导致的心火旺，要用抑强扶弱的原则进行治疗，那可以用虚则补母的方式，补肺以滋肾水吗？
424,为什么腮腺肿瘤尤其是恶性肿瘤不及时治疗可导致面瘫？
425,常用的治疗便秘的药物有哪些？
426,脉诊 有俩女的怀孕，我看脉，她们的左右强度不一样，正相反，就说一男一女。结果都是女孩儿。
427,m受体，α受体对视力的影响  老师，请问:对于m受体上的瞳孔括约肌的缩瞳和扩瞳，都能影响视力，为什么α受体上的瞳孔开大肌激动，扩瞳对视力没有影响
428,心脏 第二心音反常分裂的特点为
429,案例分析：外伤致高位截瘫   23岁女性，2年前不幸从高处失足摔下，头先着地，造成第6和7颈椎粉碎性骨折，85%错位。四肢和胸以下躯体功能障碍。诊断：高位截瘫。问题：⑴ 外伤导致高位截瘫时机体的肌张力、感觉和排尿活动有何变化？请简要解释机制。⑵ 你预计该患者目前机体的肌张力、感觉和排尿活动有何变化？请简要解释机制。
430,第一题    消毒水、生理盐水、含抗生素成分的消炎药膏、感冒用药、复方药物、单方药物、感冒糖浆、肠胃用药、皮肤用药……
431,颅底内面观和外面观怎么看呀
432,阴跷脉，阳跷脉……  老师：阴跷脉，阳跷脉……和十二经很近，扎针灸的时候会不会有串联感？
433,皮部 老师：十二皮部在刮痧书上有。刮痧的时候，要不要按表里经络那样刮痧？
434,腕关节    老师我觉得腕关节是由桡骨远端和腕骨组成，由于尺骨远端与腕骨之间组成了一个滑膜关节，故腕关节不包括尺骨远端。
435,为什么低色素小细胞性贫血的mchc会降低   能从公式本身hb，和hct来分析吗
436,申请账号   老师，我想要申请一个账号，谢谢老师。
437,如何预防和处理糖尿病病人低血糖的发生？
438,为什么弱碱性药物不电离出氢氧根离子而是与质子结合
439,请比较生物氧化与生物转化
440,三次检查阴性还要用药？
441,风心病，手脚无力    老师，得了风心病，有时候会手脚无力，眼睛也睁不开，该怎么处理呀？平时有没有什么要注意的？
442,性传播疾病有哪些？应该怎么预防？   1.性传播疾病（STD）是什么？有哪些？2.如何预防STD？
443,手汗症可以切断交感神经治疗，为什么脚多汗和阴囊多汗不可以？  是因为如果手术，相应神经不好分辨吗？
444,呼吸链抑制剂PPT图片疑问  在讲呼吸链抑制剂的那一页，复合体Ⅱ、Ⅲ是不是标错了呀，萎锈灵抑制处应为复合体Ⅱ，抗霉素A处为复合体Ⅲ，最后为复合体Ⅳ。
445,孩子吃了凉的食物后发烧    2岁9个月的孩子晚上9点吃了两块奶酪，然后又吃了一个雀巢糯米糍（冰糕那种），晚上睡觉的时候就不安稳，易醒，有发烧的症状，但没有说肚子痛和腹泻的情况。请问老师，这是因为积食引起的发烧吗? 是否按照治积食的方式来治疗?
446,左右 您说，知为针者信其左，不知为针者信其右。是左升右降的意思么？左升右降是左边向上扎，右边向下扎么？
447,DNA模型中大沟和小沟怎么区别    可以找到的图片都是类似这种平面视图。因为核酸链反向而不对称而出现的大沟和小沟，感觉并不好区分啊。想问问老师，上图如果没有标出大沟和小沟，应该如何判断大沟和小沟所在位置呢？
448,股骨头横韧带在关节腔内吗
449,紧急避孕药的副作用  左烃诺孕酮肠溶胶囊服用后恶心，乏力，是否正常，而且查阅资料，对其的认识严重两级分化，有的人说对女性的身体伤害很大，而且与宫外孕的案例有很多的关联，我在论坛看到很多控诉的文章，有些外文文献说会导致宫外孕几率成倍上升，但是也有很多人和专家，论文对紧急避孕药有相对乐观的评价，但是还是提及有副作用但是没有前者那么大，而且与宫外孕没有直接关系，希望老师能给解答一下
450,能一个人做人工呼吸，另一个人做按压胸腔吗？  能一个人做人工呼吸，另一个人做按压胸腔吗？  谢谢老师
451,第一章考题第一题目的答案是否不存在的？    问：不属于中医护理学的内容是：1、预防　2、治疗　3、保健　4、康复
452,老师您好   请问第1~7节肋软骨与胸骨之间均为滑膜关节 这句话对吗
453,虚实的区分  1.怎么判断是母虚，还是子实。2.怎么判断是用相生，还是用相克的方法治疗
454,结节 老师您好，身体中很多结节：在腹部中线这里，大腿外侧有一两个，还有大腿内测肝经这里都有结节。腹部和大腿外侧摸着是圆形的，大腿内侧是条索状。这些按着不痛，这些是气滞引起的还是血淤呢？我看舌下血管也没有怒张呀。单靠按柔可以慢慢化开吗？
455,长期有痰   本人长期嗓内有清痰，体检诊断肺部存在感染，经学习发现，皮肤毛糙，有黑头，也可能于此有关系，这种情况属于咋回事，须如何治疗
456,病例分析   患者，男，48岁。近一年来刷牙时牙龈易出血，皮肤破口后出血不易止血。近一个月来发现左上腹有一包块，无疼痛，但感腹胀，食欲不振。3天前食坚硬食物，出现黑便，并呕吐一次，呕吐物为胃内容物及咖啡样液体而就诊。体格检查：体温36.5°C，脉搏90次/分，血压120/75mmHg。贫血貌，神志清，扶入病房，体位自如。腹部膨隆，全腹无压痛，无反跳痛，无肌紧张，肝未触及，脾大肋下125px，质地中等，无触痛，移动性浊音阳性，肠鸣音无异常。有15年乙肝病史。问题：1)      根据患者的临床表现而诊断本病，诊断依据是什么？从解剖学角度给予合理解释。2)      本病最危险的并发症是什么？
457,我觉得是硝苯地平，但是选项中没有，但也应该可以选用普萘洛尔吧
458,脉搏 脉搏为体表可以触及的动脉搏动。在身体哪些部位可摸到哪些动脉搏动？如何定位？有何临床意义？
459,器官的长轴是怎么看的？    沿其长轴所做的切面称纵切面。请问长轴怎么描述？
460,大鱼际    从列缺出发到大鱼际的络脉的地方热到要皮焦了。怎么办？怎样把热去掉？
461,使用宫内节育器的不良反应   为什么会月经淋漓、月经量增多？我可以理解为放置第二代节育器，它的构造容易磨损子宫内膜导致出血吗？
462,我想问老师，痛经该怎么办呢？ 我吃过布洛芬但是效果不大？不知道是不是吃的时间点不对
463,为什么手卫生依从性低
464,请问咸味入肾，但是为什么心，肾有病忌咸味
465,二硫键是属于维持蛋白质哪级结构稳定的化学键？
466,慢性肾衰竭病人的自我护理重点  慢性肾衰竭病人的自我护理重点是什么？
467,脉诊 我知道浮脉，沉脉，数脉，我给别人号脉的时候号到了。有数脉的人是妇科炎症，有细菌的病就会有数脉吧？迟脉还不会，没有见到过。
468,艾灸的时间有规定吗？ 实施艾灸治疗或保健，有时间的长短规定吗？或者多长时间合适？感觉很舒服的话，是否可以多灸很长时间呢？类似的疑问是针刺疗法的时间又怎么掌握呢？
469,我今天25岁，之前喜欢跑步、爬山，但我只是业余的，应该不会运动受损。听了课想问问老师我是不是肾阴虚，该怎么调呢？我这学期开始练Keep上的膝关节恢复的运动，但还是没有改善。
470,卵圆孔    卵圆孔内用什么通过？
471,第三题    正常人体肝门静脉和下腔静脉之间的交通部位不是应该在直肠吗？因为有直肠静脉丛的存在呀。
472,老师好，我想问一下经络是不对称的吗？
473,如果护理对象确诊为癌症晚期，患者不知情，你应如何与患者交流？
474,眼内异物   老师，若是微小的昆虫进入眼睛，改如何处理。例如：蚊子、
475,阴经是指:  第一周单元测试题，第五题，阴经是指:应该是五脏的经脉吧？里面有个
476,股骨 老师 股骨间线是哪个部位容易骨折吗？是不是有韧带连接或者骨膜
477,水盐代谢   李宇，男， 65岁，因乏力，恶心呕吐，少尿10天入院。患者3年前出现多尿、夜尿，乏力。近一年常出现恶心，呕吐，头昏，骨痛，跛行，全身骚痒，失眠，记忆力减退， 尿中有蛋白和管型，尿量逐渐减少，近二天每日仅150ml左右。既往高血压13年，有心绞痛史。体格检查：重病容，37℃，160/90mmHg，口臭，牙龈红肿出血，口腔粘膜有溃疡，心界向左下扩大，下肢无水肿。1. 你认为该患者血尿素氮和血肌酐增高的最可能原因是什么？如何治疗？2. 你认为该患者血红蛋白和血细胞比容降低的最可能原因是什么？如何治疗？3. 为什么该患者血钠降低，而血钾增高？
478,第二题    动脉血经过毛细血管后不会有物质交换，变成静脉血吗?
479,服药时间   在一天中，哪些时间段服药效果最好?
480,现代针灸麻醉的临床应用多吗？
481,指正错误   刘老师，您在讲解基地神经节一内容时，讲到的亨廷顿舞蹈症，不是直接通路减弱，间接通路增强，而是相反，直接通路增强，间接通路减弱
482,请问肾上腺素作用的不同受体之间会不会互相干扰？
483,小儿咳嗽   孙老师，您好，想问下小孩3岁，每次感冒后咳嗽要一段时间才恢复，每次都是夜晚刚睡下听到喉中有痰，然后一个多小时后就频繁咳嗽，然后咳嗽到吐了后，再睡下听不到痰声，也不会咳嗽，也可以睡到天亮，白天的话就阵咳嗽为主，但是一到晚上又这样咳嗽，对于这个想问下如何辩证治疗用药？谢谢
484,老师我觉得这道题有问题    女，42岁，支气管哮喘使，伴端坐呼吸，以前使用平喘药无效，诊断为哮喘持续状态。答案说要用倍氯米松吸入，但是对于哮喘持续状态，患者不能吸入足量的气雾量，往往不能发挥作用。而且患者之前也使用了平喘药，没有疗效。
485,每周少于三次，但大便不干结，属于便秘吗    每周少于三次，但大便不干结，属于便秘吗
486,Ⅱ型呼吸衰竭的患者应如何氧疗？为什么？
487,眼睛 老师：眼睛有病，按摩风池，天柱好，还是针灸好？
488,四、名词解释 1.针灸学 是以中医理论为指导，研究经络腧穴、刺灸技术和治疗方法，探讨针灸防治疾病规律，阐述针灸作用机理的一门学科。2.经络学说 是阐述人体经络系统的循行分布、生理功能、病理变化及其与脏腑相相互作用关系的理论体系，是中医基础的重要组成部分，对中医各科尤其是针灸临床实践具有重要指导作用。3.奇经 奇有异的意思，既奇特奇异，奇经八脉与十二正经不同，不直接隶属于十二脏腑，也没有表里配合关系，故称奇经，也叫别道奇行的经脉。4.循经感传 指刺激穴位是在经脉循行路线上出现的一些特殊感觉传导现象。
489,外源性致热原和内源性致热原的区别？  外源性致热原和内源性致热原的区别是致热原属不属于人体自身的组织吗？但看到外源性致热原里有多醣体成分及多核苷酸，觉得这个也像是人体自身有的，有点疑惑...
490,拔罐後留有瘀青的原因？    請問老師，這個是因為局部受寒，寒凝血瘀，還是因為体內濕氣重才會有的表現呢？
491,阑尾的常见和异常位置及其临床意义
492,不合理用药的因素   人可能被错误的信息误导、自身提出不恰当要求。 老师课件中有写明长期以来患者对医生的依从助长了医生的不合理用药：有些长期慢性病的患者盲目自行服药，擅自缩短或延长用药时间；随意购买非处方药可能导致不合理用药的发生；药厂广告不规范，对消费者造成误导
493,阴阳二元论和五行学说是中医的主要说理工具两者的关系如何理解  阴阳二元论和五行学说是中医的主要说理工具两者的关系，通过学习总体感觉是对病症的判断要从阴阳二元论入手，去判断阴阳变化孰强孰若所致；判断后从五行学说及脏腑理论中，寻找人体内部脏腑之间的关系（相生、相克、相乘、相侮），针对其中某一个或某几个脏腑用药，最终调整达到其脏腑阴阳平衡和整体其平衡。这个理解对吗？
494,什么情况会导致椎体钩增生，从而导致颈椎病？
495,请问缓解海洛因戒断症状的是吗啡还是美沙酮？
496,电压钳或胶片钳有什么用
497,手太阳小肠经没有歌诀吗    老师好，请问手太阳小肠经没有方便记忆的歌诀吗，视频里没有提及。谢谢！
498,大多数药物在体内的跨膜转运方式是简单扩散还是膜动转运
499,交会穴    交会穴有多少个？？
500,"第八周第一题 常用药：消毒药水，生理盐水，抗生素成份的消炎药膏，感冒用药，感冒糖浆，肠胃用药，皮肤用药，过敏药，消化药，单方用药，复方用药等 医师建议准备的其他药物 有些人患有发作性疾病,医师都会开.些预防性或是发作时需要 紧急服用的药物，比如心肌缺氧使用的硝基甘油片、气喘时使用的支气管扩张剂等。"
501,第二 1.有些人把纸箱、布制收纳箱等当成小药箱，导致药品易受潮变质。如果药箱没有盖子和隔层，也会影响药品的有效期。建议选择带隔层和盖子的塑料药箱，为药品遮光防潮。 2.外用药和内服药，成人药和儿童药，处方药和非处方药最好分开摆放。突发疾病时，可能由于着急拿错药，如果把外用药内服，或者给孩子吃了成人药，易引起食管灼伤、服药过量等。处方药，尤其是硝酸甘油等用于急救的处方药，应当保存在固定位置，便于发生突发情况时取用，以免在药箱里"大海捞针"，延误治疗时机。 3.许多人把药品包装盒、说明书丢掉，只把药放进药箱。这样看似摆得很整齐，但用药时却找不到服用方法和注意事项等重要信息，很容易吃错。由于家庭成员健康状况的变化，即使是以前用过的药，再用也可能出现新问题。建议将药物和对应的药品说明书放在一起，最好同时保留药品外包装。
502,老师动作电位发生时Na离子进去的过程是体液调节吗？
503,棘突的分叉是怎么形成的
504,溺水施救   溺水后也可以进行心肺复苏吗？
505,针灸艾灸   针灸太专业艾灸人人都可以但是配穴需要学习
506,什么是人体内属阳的热性物质？ 请问老师：阴阳二元论中血、津液为阴液可以理解，但气指阳气，这个阳气具体是什么？人体内属阳的热性物质又是什么？
507,老师，肺脓肿的主要症状是高热吗？
508,老师，请问精子是怎么产生和排泄的？
509,请老师解惑！ 老师，为什么书上说辅酶作为酶的底物接受质子或基团，会被活性中心的必需基团催化形成产物，辅基有没有这种特性？那么单纯酶无辅基，那它是如何进行催化的？底物是不是就是辅基？谢谢！
510,颧弓上缘，相当于大脑半球颞叶前端的下缘吧！
511,溶栓 缺血性脑卒中患者哪种情况不能进行溶栓治疗
512,动作电位   为什么刺激神经纤维的两端，产生的两个动作电位会在中点相遇后就传导停止甚至消失
513,非酶促反应  丙酮酸激酶参与的磷酸化为什么是非酶促反应呢？
514,皮部 老师：十二皮部在刮痧书上有。刮痧的时候，要不要按表里经络那样刮痧？
515,疑似鼻窦炎  47岁女性，怕热手心热，舌体肥大有齿痕。近一年来，夜里感觉鼻干鼻塞，没到换季情况加重，有黄涕，有时鼻甲处出现肿痛，西医认为是疑似鼻窦炎，服用过一个月的消炎药和霍胆丸，无明显效果。请问老师如何进行调治？
516,痛经 痛经，针灸好还是艾灸好。还是同时都用好？只取三阴交可以吗？
517,实证，虚证，傻傻分不清楚
518,请思考和分析现代妇女自愿采用剖腹产的比率越来越高的原因。
519,高血压    根据影响动脉血压的因素，分析爱吃大鱼大肉与高血压的关系
520,在干燥环境下结核杆菌可以存活6到8个月啊，，而且痰液里面肯定有结核杆菌，所以痰液是有必要消毒的。。
521,为什么苯妥英钠减少GABA释放反而可以抗癫痫？    GABA不是本身就是抗癫痫的吗？减少了GABA的释放为什么可以抗癫痫？（见苯妥英钠作用机制一页）
522,治疗 我在医院针灸过。医生都是扎胳膊肘以下，和膝盖一下。后背扎针灸很少，为啥？
523,老师，为什么没有必要对餐具等进行消毒
524,尿酸高引起的痛风要多久才能继续吃，牛羊狗肉虾蟹，海鲜和壳类
525,眼睛 您说，眼睛有病是胆经。那肝经不是和眼睛有关么？比如，左眼睛干涩，怎么治？治肝还是治胆？
526,有一个口误吧 颈动脉小球借结缔组织连于颈总动脉分杈处后方，不是肺动脉杈后方。
527,如何判断误食的樱桃核是否误入气管？        吃樱桃时，樱桃核不是咽下去的，是不小心呛到了，担心樱桃会误入气管，有什么判断依据？有必要到医院拍片检查吗？
528,求教！    为什么患者得风湿热，或者活动性结核后，会让红细胞能彼此较快地以凹面相贴？感谢！
529,颅骨之间的间隙不是充满结缔组织膜吗？
530,中医内科-肝胆病-1黄疸 2胁痛 3乙肝4胆囊炎 胆结石5肝硬化腹水 1 黄疸 2 胁痛 3 慢性乙型肝炎（乙肝）4 胆胀（胆囊炎 胆结石） 5 鼓胀（肝硬化腹水）
531,男，19岁，肚脐周围部疼痛4-5小时，以后疼痛逐渐转移并局限于右下腹，检查麦氏点压疼明显，初步诊断为阑尾炎，拟进行抗炎治疗。如果经患者手背静脉网进行输液，请写出药物到达阑尾的具体途径。
532,头疼 老师：头疼扎足临泣，头临泣和率谷三个穴位就可以了吧？
533,糖尿病病人在饮食和运动管理方面需要注意哪些？
534,各脏腑都有病证，如何找到病根？    老师我看自己的舌头，有点刺，有裂纹，舌苔厚腻，发白，那我到底应该去心火，肝火，还是健脾胃，哪个为主？很迷茫，辨不出来，请老师和同学们帮忙分析
535,断定药方有效与否的时长    老师，有一个慢性鼻咽炎及便秘患者，体质虚弱，近日因天气变化急性发作，鼻塞、咳嗽，吃了四副药后，鼻塞有所缓解，但多年的慢性鼻咽炎仍在，鼻头还长了大暗疮。第二次看医生，继续吃了三副药后，除了便秘有所缓解，鼻头的暗疮谢了，但慢性鼻咽炎还是如旧。第三次再看医生，药方如下：目前已再吃两副药，但感觉疗效仍不显著，鼻头旁还长了新的暗疮，当然患者太晚睡也是原因之一。请问医生的这个治疗方向对头吗？一般而言，需要多长时间来判断这个中药处方是否有效呢？
536,课题讨论——案例（四）        患者男性，29岁。因“突发胸痛2小时“入院。 2小时前患者搬重物用力时突感左上胸疼痛，程度重，呈持续性，与呼吸无关，伴干咳，无放射痛，随即中止搬运，约10分钟后疼痛减轻，但出现胸闷憋气，活动后明显。既往身体健康。体格检查：T：36.7℃，P：102次/分，R：22次/分，BP：110/70mmHg。坐位，痛苦面容，口唇轻度发绀，气管右移，左侧胸廓膨隆，呼吸动度减弱，触觉语颤减弱，叩诊呈鼓音，听诊肺泡呼吸音低，右肺叩诊呈清音，呼吸音增强。心率102次/分，律齐，各瓣膜听诊区未闻及异常心音和杂音，未闻及胸膜摩擦音。请写出该患者的诊断及诊断依据。
537,先人工呼吸还是先按压？
538,复极化过程变慢为什么是去极化的后电位?
539,加热蛋白质会不会改变其空间构型？如果会改变那么肽键会随之变化
540,肾上腺素可以用于休克治疗吗
541,上火的实与虚 老师在课上说上火有实火和虚火之分。那实火和虚火在脉像上是如何区分的呢？
542,呼救 为什么呼救时不能使用手机和关闭电源？
543,中医博大精深，只有坚持不懈方有收获。
544,诊断不是要看辅助检查实验室结果吗，怎么靠临床表现来判断了
545,基因 老师你好，我想问一下，如何在染色体的DNA序列中确认基因的存在？
546,颞下颌关节相关问题  老师您好，请问一下颞下颌关节中关节盘是由什么构成的？
547,消毒 消毒期间注意的事项有哪些？
548,M胆碱受体阻断药   请问阿托品用于心跳骤停是利用它的什么药理作用，以及它用于加快心率的剂量应控制在多少？谢谢老师
549,和剂量无关的药物不良反应有哪些？   和剂量无关的药物不良反应有哪些？
550,三阴交是三条阴经交汇的地方？ 三阴交这个穴位并不是因为三条阴经交汇的，而是三条阴经所渗透汇聚而成的，难道不是这样吗？
551,免疫力低应该怎么补  老师，请问身体免疫力低下应该吃什么补呢，是我妈妈，47岁，经常生病，感冒头疼口腔溃疡……
552,问  既 要保证紧急用药的供应，又要尽可能减少安全隐患和用药浪费，确保安全、有效、经济。 1，选好药箱 2，建立药品登记表 3，分门别类 4，注意标签 5，存储条件 6，固定地点 7，特殊归档 8，定期清查 9，保留说明书 10，针对家庭成员，建立用药档案记录
553,中药学    为什么要结合气味来理解药物的功效？
554,老师峰浓度和最低中毒剂量有什么关系？ 血药浓度达峰浓度了，此时达到了最低中毒剂量了吗？
555,在颈外侧区，如何确定颈浅丛和副神经？
556,乙酰辅酶A羧化酶的激活剂有异柠檬酸吗？
557,护理问题   老师，您好！我想请问，临床上在制定护理问题的时候，血容量不足和体液不足，这两者我该如何区别呢？
558,中药的四气五味    中药的升阳举陷，升降沉浮是指什么？
559,小腿前、外侧和后群肌麻痹分别是何神经损伤？足部产生什么症状？
560,我左侧巅顶痛。    我左侧巅顶痛，左边的太冲有时会从上面冲下一股热气，左耳后疼痛。是不是疏泄太过了？怎么办？
561,关节运动   推旋转门时是什么运动？
562,解离型药物和非解离型药物指的是一种药物的不同状态吗？
563,氨基酸残基  孙老师，您好，请问要怎么数肽链中氨基酸残基呢？谢谢您。
564,钠离子内流  为什么钠离子内流形成去极化，钾离子外流形成超级话呢？
565,老师，我没有学医基础，但是，对针灸很感兴趣，适合学吗？
566,人工流产的危害    人工流产对于女性来说危害是非常大的，它的近期危害主要是吸宫不全、感染、出血、漏吸，甚至人工流产综合症等。而远期可能是导致宫腔粘连、继发性的不孕，甚至是闭经、月经不调等。所以说，人工流产要尽量少做，可以通过合理避孕来防止做人工流产。
567,阿胶珠的使用方法   阿胶烊化使用，阿胶珠应烊化或直接服用对吗 ?老师
568,老师为什么不选利多卡因呢？
569,请大家举例说明临床上哪些药物会引起尿潴留，并说明可能的机制。
570,气  肾生元气，元气与其他三个气有啥关系？
571,腹腔CT   临床上CT检查最常显示的是人体横断面（相当于上一部分的下断面），在这个断面上可以看到结构的哪些方位？答案是前，后，左，右，内侧，外侧。
572,细胞膜的通透性    如果细胞承受的压力过大，是可以造成组织水肿的吧？
573,无菌 为什么无菌巾把头部也盖上啦？
574,部位 老师：要是右手尺脉弱，就是肾阳不足对么？肾阳不足会不会腰疼？
575,胸痛 老师，我今天早上游泳的时候，发现我左胸疼痛，在之后向周边蔓延。年龄23岁，此症已有一年多了，不知为何，还望诊断
576,上鼻甲    上鼻甲的位置搞不清在哪儿，单个的颅骨可以理解记忆但是整体看的时候就有些迷茫，不清楚单个颅骨之间是怎么相联系的，相互关系有些好不清
577,丸者缓也，（中成药）购买很方便，长期服用也比较方便。但是起作用比较慢，而且成药固定处方，不能随着病情变化而灵活用药。因此适合慢性病的治疗，不适合病情复杂需要随证变化用药的治疗。
578,燃料燃烧   燃料燃烧不充分指的是什么？
579,过旺和不足的辨别   老师我就是不明白，比如说阳气过旺，阴气不足会有相同的体征，但是怎么区分是因为阳气过旺还是阴气不足引起的体征。
580,老师 请问一下氧合指数是什么，正常值是多少呢？
581,穴位在筋上？ 12经络在12经筋上，那在12经络上的穴位是不是也是在经筋上，也就是说穴位在我们俗称的筋上？
582,尸厥 您说，虢国太子耳中有咚咚声，鼻翼煽动，股沟尙热。那么，是他肾气未绝，肺气未绝么？股沟热指什么？
583,耳针和用针禁忌     老师您好：请问耳针贴后，一触就疼是正常吗？经期可以针灸吗
584,为什么椎间盘突出容易发生在腰部和颈部
585,体表标志   老师，锁骨对应进去是不是第二肋?
586,痛经 老师：痛经选择脾经穴位时，有交叉选穴么？还是俩腿的三阴交，地机都针灸？
587,肝的形态   老师您好，请问第一肝门处有肝管、肝静脉和肝固有动脉分支等出入为什么会错？
588,讨论题：   请你谈一谈整体护理与整体观念的区别与联系。
589,薏仁对女性不好？   有个长辈跟我说 女人不要吃薏仁 虽然除湿 但是薏仁被提取做成孕后永久避孕的方法 好像是怎么弄到静脉那里 说是可以避孕的功效 随意不能吃多了 老师 这个说法科学吗 真的吗
590,什么是PID呀？是盆腔炎吗？
591,为什么肺结核最危险的并发症是窒息
592,性交问题   老师，你好，性交之后，阴道都会出血，怎么回事？还有男性射精如果没射出来，但很想射，会不会有影响身体？
593,盆腔脏器肿瘤根治术中如何防止盆丛的损伤    在理解盆丛结构和分布特点的基础上，探讨盆腔脏器肿瘤根治术中如何防止盆丛的损伤。
594,预防或缓解大隐静脉曲张的注意事项   为预防或缓解大隐静脉曲张，日常生活中应该主要注意哪几点？为什么？
595,多噩梦    老师您好，我已经有一年时间每晚都做梦，都是很紧张的逃，追，躲，受伤之类的梦，现在怀孕10周，应该用些什么药呢？最近一年也怕吹空调，怕冷，有脱发情况。不爱出汗。大便糖稀，舌后有红点。
596,第八次作业  为什么双氧水清洗后，要等到伤口有泡沫后再用生理盐水？
597,请问，阴盛怎么泻呢？
598,关内穴    老师请问关内穴在手上到底是用两根手指还是用三根手指找穴位，百家讲坛翟双庆教授说说两根手指，但网上查很多都说三根手指，穴位如果错了的话，就没效果，求正解
599,突然不来月经是疾病吗？    平常月经正常的育龄期女性，突然不来月经是疾病吗？可能由哪些原因导致不来月经？请大家就这个问题展开讨论，分析相关原因
600,关于颞筋膜下疏松结缔组织的疑问    老师请问骨膜和颞肌之间有没有颞筋膜，如果没有为什么骨膜和颞肌之间的叫做颞筋膜下疏松结缔组织，而不叫颞肌下疏松结缔组织？
601,去甲肾上腺素能神经包括    老师，请问D选项是不是错了，多了个字，应该是绝大部分交感神经节后纤维，不是副交感神经吧
602,关于激素转运方式   甾体类激素的转运方式是单纯还是易化扩散 类固醇激素是单纯扩散吗？
603,关于中药煎煮的学习感受    这学期开始接触中药，同时接触中药煎煮的相关知识，正好又上了中药煎煮的实验课，使我对中药煎煮的理论知识记忆更深刻了。我获得的最大的体会是中药的煎煮没有我曾经想象的那么简单，并且不同的煎煮方法，煎煮时间都会给药性带来一定的影响。以前的时候家里有人生病，姥姥总是喜欢用中医的方法去治病，家里常常飘着中药的味道，弟弟也以内得病长期服用中药，在我的印象里，中药一直是味道不好闻喝起来难喝的存在，而煎煮中药在我这里是一个漫长的过程，还要时时刻刻伴随着奇奇怪怪的味道。直到学习了有关煎煮中药的课程并且自己也有了实践，才了解煎煮中药有很多讲究，要掌握好每一次煎煮的细节，正确的完成每一步，才能让中药的药性、药效得到最好的发挥。我也第一时间将自己所学到的内容分享给了家里人，让他们也明白了煎煮中药的注意事项。让我更加明白了自己学习中药的重要性和可行性。
604,畏寒 单纯的手脚冰凉，哪里都不痛，吃过很多金贵肾气丸，肝功能也正常，就是一年四季手脚冰凉咋回事，老师
605,老师，关于调定点，人体的温度是37.2度，那会不会改变呢？
606,男性生殖系统自我检查：请同学们讨论以下问题  小A洗澡时发现一侧睾丸明显比另一侧大，小A十分紧张，你能帮他解答一下吗？
607,β受体激动的效应   老师，请问B选项中的皮肤粘膜以及内脏血管的收缩，不是α受体的效应吗？答案是不是错了？
608,QRS波群振幅    QRS波群振幅怎么计算？是正向波振幅和负向波振幅绝对值相加吗？
609,怎么救治从较高地方坠落的人  当人从较高的地方掉落下来时，我们应不应该去把他扶起来
610,循环系统   各个心脏病的区别
611,RNA生物合成章节ppt问题 书里写的是模板链也叫反译链，编码链也叫有义链，和ppt上写的是反的，请问哪个是正确的呀？
612,孙老师好！尿酸高该怎么办？   孙老师好！尿酸高该怎么办？平时有没有什么要注意的？去医院挂什么科室呢？
613,骨髓移植   老师，脐带血真的可以作为骨髓移植的“种子”吗？
614,住院处    住院处和门诊部是什么关系
615,中医妇科-妇科杂病  妇科杂病12妇人腹痛【盆腔炎】  13经行泄泻【经期腹泻】  14经行乳*房痛  15更年期综合征  16不孕症  17经行情志异常【烦躁 抑郁】  18经期头痛  19经期发热  20经期吐衄【流鼻血 吐血】
616,为什么避孕方法都是针对女性？ 就没有针对男性精子的药物吗？比如降低精子活性之类？我看了所有的避孕方法，没有不良反应还能防止性病传播的也就避孕套，然而男性还经常因为想爽爽所以体内射精……
617,感染性疾病的种类和特点    老师讲的很详细，受教了。
618,题目 书上说普鲁卡因胺对房性心律失常作用差，但是题目里却选了房性心律失常。
619,小三阳携带者如何调理？    去年到医院献血，检查不能献血。复查后知道是乙肝携带者，该如何调理呢？老师
620,小儿骨骺线是所有骨都有么？骨骺线厚度有什么规律么？
621,请问，空调是否是人工创造出的夏天的寒邪或者冬天的火热之邪？  请问，空调是否是人工创造出的夏天的寒邪或者冬天的火热之邪？有了空调是否可能就有了反季节的寒热之邪了呢？
622,正常人的脉搏次数一分钟是多少次？   老师，书上说常人脉一息四至，可是这个不太容易掌握，能不能直观一点，比如说常人的脉搏换算成一分钟大约多少次为正常呢？
623,上颌窦炎有积液时，该如何引流？
624,牙疼 瞬间牙痛厉害过一会又不疼了，如果想知道是不是冠心病引起的牙疼可以舌下含服硝酸甘油1片作为鉴定麽？谢谢老师
625,为什么眼球上直肌收缩使眼球转向上内而不是向上
626,肝郁，脾胃不和，肺气不足，肾也不好，心律不齐，请问先调哪个？
627,讨论题    小儿泄泻的主要临床症状及如何辨证？
628,穴位 尺泽穴的特殊作业有哪些？三阴交的特殊作用有哪些？
629,近视眼   眼球在调节放松的状态下，远处平行光线经眼球屈光系统折光之后聚焦在视网膜之前，不能在视网膜上聚焦成清晰的“像”，引起远处视物模糊，称为近视。这种状况可以由屈光装置异常（屈光过度）或者眼轴变长（眼球前、后极之间的距离增加）引起。近视患者远视力明显降低，但近视力尚正常。依据所学解剖知识和物理光学理论，你能想出有哪些方法可以纠正近视？
630,为什么望舌可以诊病？ 请你根据舌诊的学习，简要阐述，为什么望舌可以诊病？（请点击“回复”，回答本题可以获得讨论分。注意：点击“向老师提问”是没有讨论分的哟）
631,凹陷性水肿和非凹陷性水肿形成机制的区别？   网上查了一下凹陷性水肿和非凹陷性水肿形成机制的区别： 凹陷性水肿一般是液体在体内组织间隙呈弥漫性分布，所以压之呈凹陷，其机制是组织间隙液生成大于回收。大部分的水肿都是这个，比如肾性的水肿，心源性水肿等。非凹陷性水肿多是组织间隙内蛋白的沉积导致，又叫粘液性水肿，多见于甲减。
632,心动过速   老师可不可以区分一下室性心动过速和室上性心动过速
633,老师，长期饥饿时机体糖代谢和脂肪代谢有哪些特点？可以从几方面
634,脉诊 她的脉冬天沉弦又力，到春天的时候就比较柔和了。她并没有治疗啊？跟春天的季节有关么？她是跟婆婆生气气的月经不来了。她总说憋的慌，脸很红。
635,子宫颈内膜癌 子宫内膜癌是发生于子宫内膜的一组上皮性恶性肿瘤，好发于围绝经期和绝经后女性。子宫内膜癌是最常见的女性生殖系统肿瘤之一，每年有接近20万的新发病例，并是导致死亡的第三位常见妇科恶性肿瘤（仅次于卵巢癌和宫颈癌）。其发病与生活方式密切相关，发病率在各地区有差异，在北美和欧洲其发生率仅次于乳腺癌、肺癌、结直肠肿瘤，高居女性生殖系统癌症的首位。在我国，随着社会的发展和经济条件的改善，子宫内膜癌的发病率亦逐年升高，目前仅次于宫颈癌，居女性生殖系统恶性肿瘤的第二位。
636,老师好    药物浓度与不良反应有关吗？不是。不良反应与药物浓度有关吗？
637,泌尿系感染  从解剖学知识分析，为什么女性泌尿系统感染发病率高于男性？
638,如何更好地熟记每个部位对应的学位名称
639,药物的体内过程    体液的ph和药物的pka如何影响体内药物的吸收，分布，排泄过程？
640,老师您好   经络和神经没关系吗？
641,胃强脾弱   老师请问，能吃但易积食，便秘，注意力不集中。是不是考虑脾的原因
642,阴茎问题   老师你好，我的阴茎可能有些弯曲，并伴有一些皮疹，是否有必要就医。
643,请用你全身望诊（神色形态）内容描述一个健康人 请同学们在学习完望诊（1）-全身望诊（神色形态）后，用你所学的知识，写一段文字，简要描述一个健康人的神色形态。（请点击“回复”，回答本题可以获得讨论分。注意：点击“向老师提问”是没有讨论分的哟）
644,"伤心后引起皮疹    朋友和父亲吵架后伤心流泪,第二天全身起了湿疹.请问老师这是因为悲和哭削弱的肺气,而肺主皮,所以才会这样的吗? 那应该如何治疗呢?"
645,胰脏属于什么？    孙老师，为什么胰脏不属于脏腑系列呢？
646,中医里面根据阴阳学说诊断病症，有阴阳平衡、阴阳偏盛、阴阳偏衰以及低水平阴阳平衡之分，根据临床表现、辨证要点等是可以区分是什么病的，但怎么区分是什么证？是身体的那个器官？
647,蛋白质变性  老师，我想问一下蛋白质变性之后，蛋白质的颜色反应会有什么变化？
648,冠状轴    什么叫做冠状轴上的运动，如何区分冠状轴，还是矢状轴上的运动？
649,真脏脉    有个人的母亲没气了。家里给办丧事，结果有个医生说给吃辣椒，然后救活了。这个会是真脏脉么？舌头没有了一点点苔，只有红色，可以叫真脏脉么？
650,老师，我的舌头白苔一块一块的没了，是肠胃疾病的原因么
651,测验题是否有误？胸剑联合中点到脐中的骨度分寸应是8寸吧？   如题
652,"第三题不合理用药的危害    第三题不合理用药造成的危害： 1. 不合理用药不仅治疗效果不能得到充分保证,还会延误疾病的治疗,轻则无效,重则贻误救治患者的时机,危及患者的生命。 2.易发生不良反应 某些具有相同不良反应的药物,合并用药时使不良反应相加,加重对机体的损害。 预防措施：使用时要认真阅读说明书，谨遵医嘱。"
653,治疗 现在的针灸治疗，还有用铍针的吗？我被针灸扎过，有很细的气从脚踝处往上跑，这个就是经气传感么？
654,静息电位   老师，静息电位的理论值会越来越接近实际值，是因为钠离子的内流减少，钠离子内流减少的原因是什么呀？
655,第三章    老师您好，请问症状和体征是一样的概念么?如若不同，有何本质的区别呢？
656,"同一个碳上即…又…  同一个碳上，不能即含有氨基，又含有羧基么,这样多个链接,是一个由肽键连成的直链么"
657,腹部手术消毒范围是不是小了点？
658,心血管总论  是怎吻合的
659,骨质有机质和无机质            骨质含有有机质和无机质两种化学成分，分别赋予骨的韧性和硬度。小儿骨有机质比例大，故弹性好；老人骨无机质比例大，故硬度高。这句话为什么错？
660,津液 津主要是滋润作用，液主要是濡养作用这样理解对吗？
661,栀子止血   书上所写的是栀子炒焦用于止血，炒焦和炒炭还是有区别吧？
662,问题 硝酸甘油因其扩张血管作用所致的不良反应为什么不包括高铁血红蛋白血症？(第六章作业题目)书上写的超剂量能引起高铁血红蛋白血症的
663,足阳明胃经的循行   为什么手足三阳经只有足阳明胃经行于胸前呢
664,老师你好！  第三题正中矢状面把人体分为结构对称的左右两部分是不是结构对称说法错误呢？
665,老师，经穴歌能不能解释一下呀？不懂说的是什么
666,现代针灸麻醉的临床应用多吗？
667,艾灸的时间有规定吗？ 实施艾灸治疗或保健，有时间的长短规定吗？或者多长时间合适？感觉很舒服的话，是否可以多灸很长时间呢？类似的疑问是针刺疗法的时间又怎么掌握呢？
668,第6页第6题，答案“以呼吸辨脉之至数”属于“以常达变”的原理。“以呼吸辨脉之至数”具体怎么解释？是“用呼吸判断脉搏”吗？
669,射精结束立刻小便，异常吗？
670,好奇 老师，有一种说法说亚洲人比欧洲人少两根骨头是真的吗。说脚骨那里。
671,IgM的单体是什么样的    五聚体不是五个亚基的意思吗，亚基与亚基之间是以非共价键相连的啊，但这个图让我觉得IgM单体之间是以二硫键相连的……
672,老师您好   请问第七颈椎棘突是什么
673,确定是盲肠切除术？  不是阑尾切除术？
674,请选择下面你感兴趣的问题进行讨论   1、 在进行胸膜腔穿刺时，穿刺针进入时应注意哪些问题，由浅入深依次穿过哪些结构?2、 试解释胆囊炎发作时，为何常伴有右侧颈肩部疼痛?3、 总结本章涉及到的可能的先天性心脏病类型，探讨先心病人的发病机制。4、做阑尾切除手术时，需要切开多少层才能暴露阑尾，层次的名称各是什么？5、肝硬化晚期病人的临床表现有腹水、呕血、便血、腹部出现“海蛇头”，试用本章知识加以解释。6、胃后壁穿孔时胃内容物可流经何处？手术时，医生欲探察胃后壁，简单易行的入路切开什么腹膜结构才能见到胃后壁？
675,老师 这个只能显示前面两个章节的内容吗
676,老师，你好。请问竖脊肌损伤临床上会出现什么情况？如何保护？
677,超射和反极化的区别  笔记上超射是锋电位0到30mV那段，反极化是膜电位由外正内负变为外负内正的状态，这二者是存在包含关系还是实际上是同一个东西？
678,窦房结和房室结的血液供应   应该是右冠状动脉营养窦房结和房室结吧。
679,课堂讨论——案例（六）        崔XX，男，57岁，职业：农民。主诉：诊为慢性乙型病毒性肝炎4年余。现病史：患者4年前查体发现乙肝表面抗原阳性，腹部超声提示肝硬化，给予“恩替卡韦”抗病毒治疗，定期门诊复查，肝功未见明显异常，乙肝表面抗原未转阴。2018-01患者自行停用“恩替卡韦”。2018-12患者无明显出现发热，体温最高达38.5℃，伴咳嗽咳痰，无寒战，无腹痛腹泻，无皮肤黏膜黄染，就诊于社区医院，考虑急性上呼吸道感染，给予“对乙酰氨基酚”等药物治疗3天，治疗期间查肝功能提示存在异常（未见报告），遂给予保肝药物（具体不详）治疗，3天后患者未再出现发热。现患者为求进一步治疗，收入我科。患者自发病以来，饮食欠佳，睡眠可，大小便未见明显异常，2个月体重下降约5Kg。既往史、个人史、婚育史及家族史无特殊补充。体格检查：中年男性，发育正常，营养中等，神志清，精神可，自主体位，查体合作。全身皮肤黏膜轻度黄染，可见肝掌，无蜘蛛痣，无皮下出血。腹部平坦，无腹壁静脉曲张，无胃肠型及蠕动波。腹软，全腹无压痛及反跳痛，肝肋下未触及，脾肋下2cm可触及，Murphy征（-）。肝区、双肾区无叩击痛，移动性浊音（+）。肠鸣音4次/分，未闻及血管杂音。问题：患者可能的诊断及诊断依据是什么？
680,老师，您好，为什么肺气虚，会多汗   老师，为什么肺气虚会多汗
681,针灸麻醉有时效限制吗？
682,关于股骨的错误说法  股骨头上有凹吗？
683,恶寒与畏寒的区别   实证恶寒，虚证畏寒，不太明白此二者之间有什么不同，烦请老师解惑。
684,家兔灌胃敌百虫    老师，您好，我想咨询一下，给家兔灌胃敌百虫的视频可以分享一下下载地址吗？谢谢您
685,与其长轴垂直的切面称为横切面。
686,老师 您好，请问深刺会不会将针扎在内脏上以及（见详情）    老师 请问:1.深刺中脘丶天枢穴的时候，会不会因为过深 将针扎在肝、胃、回肠等内脏器官上？如果会的话内脏就会损伤一个小洞 会有影响吗？2.中脘进针时，有一种气相互顶着的感觉，没办法像扎四肢一样轻松舒畅的进针，是由于操作人紧张还是患者紧张，还是操作手法不当怎么样才能学习实际操作呢
687,第六周    有扩张冠脉作用的药物和可引起反射性心率加快的降压药都有什么呀
688,老师您好！请问，这不只是一个水平面吗？怎么能够看到前后左右呢？
689,第三题    骨缝间充满的不应该是纤维组织膜吗？
690,负反馈调节的滞后是指什么
691,COLLES骨折   你知道什么是COLLES骨折吗？为什么容易发生COLLES骨折？
692,原发性高血压 老师您好，我想知道在原发性高血压病的病理学变化中，是人体血量绝对值增加了还是血管紧张的原因造成的。
693,老师，精液输出时会不会经过精囊
694,关于维生素E 维生素E（Vitamin E）是一种脂溶性维生素，其水解产物为生育酚，是最主要的抗氧化剂之一。1溶于脂肪和乙醇等有机溶剂中，不溶于水，对热、酸稳定，对碱不稳定，对氧敏感，对热不敏感，但油炸时维生素E活性明显降低。生育酚能促进性激素分泌，使男子精子活力和数量增加；使女子雌性激素浓度增高，提高生育能力，预防流产，还可用于防治男性不育症、烧伤、冻伤、毛细血管出血、更年期综合症、美容等方面。近来还发现维生素E可抑制眼睛晶状体内的过氧化脂反应，使末梢血管扩张，改善血液循环，预防近视眼发生和发展。维生素E苯环上的酚羟基被乙酰化， 酯水解为酚羟基后为生育酚。人们常误认为维生素E就是生育酚。
695,讨论题    小儿捏脊有哪些注意事项？
696,请问临床药理学研究的主要对象为什么是人体？而不是机体？
697,求解 第八章第一题患者是诊断为哮喘持续状态，书上说了倍氯米松对哮喘持续状态，不宜应用。为什么还选倍氯米松啊？
698,第五章测试题 高血压伴心绞痛及哮喘患者，出现肾功能不全时，最适合的治疗药是时候什么，不是硝苯地平吗？
699,ABO血型新生儿溶血病    IgG抗体能通过胎盘进入胎儿体内，且新生儿出生后存在来自母体的IgG抗体。若胎儿血型与母体不符，会不会在妊娠期就导致流产。
700,应选择常见病、多发病用药。   ■家庭备药的主要种类 家庭小药箱必备基础药 3-6个月应清理一次   解热镇痛药：如阿司匹林、去痛片、消炎痛等。   治感冒类药：如扑感敏、新康泰克、速效伤风胶囊、强力银翘片、白加黑感冒片、小儿感冒灵等。  止咳化痰药：如必嗽平、咳必清、蛇胆川贝液、复方甘草片等。   抗菌药物：如氟哌酸、吡哌酸、环丙沙星、复方新诺明、乙酞螺旋霉素。   胃肠解痉药：如普鲁本辛、654-2等。   助消化药：如吗丁啉、多酶片、山楂丸等。   通便药：如果导、大黄苏打片、甘油栓、开塞露等。   止泻药：如易蒙停、止泻宁、思密达等。   抗过敏药：如塞庚啶、扑尔敏、苯海拉明等。
701,有关三焦的问题，请各位指教！ 请教一下，三焦是以膈和肚脐为分界点，请问一下《膈》的在中医有具体描述的位置吗？还有肝，为什么在三焦里就跑到下焦了？我理解的是应该是指肝的疏泄功能吧，而不是指实质性的器官肝
702,如何确定面神经本干及其分支？
703,老师，它不是中性粒细胞吗？
704,麻黄的使用注意    书上说失眠及高血压患者慎用麻黄 但是针对素体阳虚而外感风寒出现的但欲寐而不得 可用麻黄附子细辛汤 临床上用麻黄治疗高血压的病案也很多 该如何理解呢
705,张口运动相关运动   想请教一下，视频中说翼外肌是负责张口的，意思是张口的时候翼外肌收缩吗？但为什么看我的解剖软件上张口的时候，翼外肌是被拉伸的？
706,中药煎煮   在高三的时候吃过一段时间的中药，但是效果并不明显就放弃了。但是在学习完中药煎煮之后，我突然意识到我之前真的是连药都不会吃，大大小小的错误加起来药效当然大打折扣。但是经过学习之后确实让我认识了很多，像不同的药有不同的煎法，代煎的药要先加热煮沸放置到适温再服用等等，都让我受益匪浅。
707,讨论题：生活起居护理 1.     春季饮食要注意什么？2.     为什么秋季要“早卧早起”、“与鸡俱兴”？3.     秋季的季节特点是什么？4.     冬季养生重在什么？为什么？
708,老师有什么方法能早骺线骨化的时候快速长高吗？
709,脾胃问题   老师你好，请问大便一颗颗的，像石头，怎么办？
710,骰骨位置   老师这里的课件骰骨位置是不是标错了？还有前面讲肱骨的时候课件上肱骨小头打的是股骨小头
711,淋巴结和肿瘤淋巴转移         淋巴转移是肿瘤最常见的转移方式之一，是指浸润的肿瘤细胞穿过淋巴管壁随淋巴被带到引流区域淋巴结（局部淋巴结或更远的淋巴结），并且以此为中心生长出同样肿瘤的现象。淋巴结是否增大可以帮助诊断肿瘤是否有远处转移。。  请问，在体表可以触摸到哪些浅表淋巴结？各位于何处？有何意义？
712,请问老师补品适合什么样的人吃？    家里长辈都很喜欢吃补品，有海龙、海马、西洋参、人参、杜仲。这些补品到底适合什么样的人吃呢？没患病的人也需要吃吗？谢谢老师
713,请谈谈高蛋白饮食对于人体的影响    请主要从生化代谢角度进行探讨分析。
714,枯了 感觉和看书差不多啦(ಥ_ಥ)有点照着书念的感觉(´๑•_•๑)
715,为什么葡萄糖进入一般细胞不是主动运输
716,老师，您好，我想问一下，肺炎可不可以用胸片造影可以找出来
717,一般平均在多少岁才会发生有子宫肌瘤
718,中药配伍关系 王老师，您好，我相信问问中药配伍七情这一章里讲到了配伍关系有7种，即单行、相须、相使、相恶、相畏、相杀、相反。但是各论里面又有提到驱虫药配伍泻下药，收涩药配伍补虚药，清热药配伍生津药等，这些配伍属于七情配伍关系里面的吗？
719,古人真是就地取材无奈生法，急中生智，成就了传世绝学。
720,肝性脑病一定要看意识障碍吗？
721,窦房结细胞动作电位  如果人为在窦房结P细胞过表达快Na+通道，使细胞膜上快Na+通道增多，其动作电位形态是否会发生变化？为什么？
722,咳嗽约14天，可能和罗汉果有关    一般情况：男，24周岁，行政文职人员。主诉：严重咳嗽咳痰14天，晚饭后至睡觉前特别厉害。现病史：最近2年一直有明显咽部不适，类似于口水呛了以后的不适（好多种西药吃了都没有任何反应，孟鲁斯特，桉柠蒎，沐舒坦等等，这些药都是吃了一两周不见效就不吃了），喉镜下仅仅只有轻微泛红，喉咙无痰，不咳嗽。14天前吃了不洁食物刺激喉咙有不舒服和白痰，就问同事讨了2大杯罗汉果（人生第一次喝）现煮的水试图缓解，结果立马开始剧烈咳嗽，白痰量大增，白天晚上都很厉害，几乎是咳得断气得那种，尤其是晚饭后睡觉前，咳嗽都把腰部肌肉拉伤了，咳起来好痛好痛。甘草口服液和孟鲁斯特仅有轻微缓解作用。现在症：剧烈咳嗽，白痰多但难以咳出。大便有些塘溪，比往常重。舌苔一直是非常干净的。既往史：过敏性鼻炎近20年，干眼症病史3年（眼科一直怀疑颈椎不好导致供血不足），咽部不适约2年半，白蛋白和球蛋白一直较低，在临界值徘徊。颈椎轻度骨质增生，心跳自小一直偏快（不用药）。血压血糖血脂一直好，肾功能好。脸色一直偏黄。冬天会手脚发冷。不嗜冷食但经常大量吃冰饮料及甜品（仅仅是比较馋而已，比较喜欢甜品在低温时的口感，也爱吃好吃的热食）。个人生活史：经常熬夜，不运动。家族史：母亲常年咳嗽有什么好方法能缓解现在的剧烈咳嗽吗？
723,选择第三题：不合理用药有哪些后果？如何避免？答:后果：1.延误疾病治疗用药不对症、给药剂量不足、疗程偏短、合并使用药理作用相互拮抗的药物等不合理用药，直接影响到药物治疗的有效性，轻者降低疗效，重者加重病情，延误最佳治疗时机，或导致治疗失效；2.浪费医药资源不合理用药可造成药品乃至医药资源（物资资金和人力）有形和无形的浪费；3.产生药物不良反应甚至药源性疾病；4.酿成药疗事故因用药不当所造成的医疗事故，称为药疗事故。如何避免：1.优先使用基本药物。2.用药要遵循能不用就不用、能少用就不多用，能口服不肌注、能肌注不输液的原则。3.购买药品要到合法的医疗机构和药店，注意区分处方药和非处方药，处方药必须凭执业医师处方购买。4.阅读药品说明书是正确用药的前提，特别要注意药物的禁忌、慎用、注意事项、不良反应和药物间的相互作用等事项。6.任何药物都有不良反应，非处方药长期、大量使用也会导致不良后果。用药过程中如有不适要及时咨询医生或药师。
724,三叉神经痛      女，50岁，反复发作右下颌牙痛，在当地诊所多次做拔牙处理仍无效，并逐渐波及右侧下颌和上颌等处面部皮肤。疼痛呈周期性发作，发作时突然、呈闪电样、刀割样、烧灼样、难以忍受的剧烈性疼痛，说话、洗脸、刷牙或微风拂面，甚至走路时都会导致阵发性时的剧烈疼痛。疼痛历时数秒或数分钟。发作间歇期同正常人一样。经正规医院检查初步诊断为三叉神经痛。依据所学解剖知识分析：    1.病人为什么会出现牙疼、面部疼痛？    2.三叉神经痛患者还会出现哪些部位疼痛？    3.哪些原因可以引起三叉神经痛？
725,"治疗指数与治疗的安全性关系  治疗指数=LD50/ED50,而治疗的安全性是看ED50/LD50的比值，为什么会是这样啊?我以为治疗指数与治疗的安全性的判断依据一样。"
726,老师，请问一下骨外围的定义是什么？
727,左右 您说，知为针者信其左，不知为针者信其右。是左升右降的意思么？左升右降是左边向上扎，右边向下扎么？
728,请选择下面你感兴趣的问题进行讨论   1、患者：男，5岁病史：一个月前发烧，并诉说腰腿痛，随后右腿不能活动，不能站立也不能行走。体检：三周前检查，头、颈、两侧上肢和左侧下肢的感觉和运动均无异常。右侧大腿、小腿和足肌均瘫痪，肌张力显著减弱，腱反射消失。现在能内收大腿、屈髋和伸膝，但大腿后群肌、小腿和足肌松弛、萎缩、完全瘫痪。感觉无障碍。诊断：急性脊髓灰质炎acute poliomyelitis试说明：⑴哪一级运动神经元受到伤害？属于何种性质的瘫痪？⑵为什么只有肌肉瘫痪而无感觉障碍，是运动神经元胞体还是周围神经受损？⑶病变累及哪几个脊髓节段？ 2、患者：女，35岁病史：三周前左手小指被熨斗严重烫伤，直到闻到焦味时才发觉，当时并不感到痛或热，烧伤后也不觉得痛。体检：左上肢（臂、前臂和手）的内侧部痛、温度感觉消失，触觉尚存，小鱼际肌萎缩，无其它感觉和运动异常，右上肢情况类似。诊断：脊髓空洞症syringomyelia试说明：⑴病变破坏了哪些结构，为什么？⑵病变的部位在哪里？⑶为什么会出现痛温觉消失而触觉仍存的感觉分离现象？ 3、患者：女，68岁病史：中风后，右边身体瘫痪了。体检：左侧上睑下垂，左眼稍向外下方突出，左侧瞳孔扩大，对光和调视反射消失，舌伸出时偏向右侧，舌肌未见萎缩，右侧面下部肌肉瘫痪，右侧上、下肢肌张力增强，腱反射亢进。全身感觉未见异常。诊断：交叉性动眼神经瘫痪crossed oculaomotor parlysis又称Weber syndrome试说明：⑴动眼神经受损，为什么左眼球会向外下方突出？⑵如何解释瞳孔扩大及对光和调视反射消失？⑶如何解释舌肌和面下部肌肉瘫痪？⑷为什么眼肌的瘫痪在左侧而舌肌、面肌和上、下肢肌的瘫痪却在右侧。⑸找出病变部位。
729,为什么胃部大切除病人被分为二级护理呢？难道不是一级吗？
730,关于考核   老师好，本期生理学怎么考核呢，平时上课，每周测验，作业，期末考试，如何打分，比例是什么啊？感谢！
731,讨论题    1. 具有清热解毒的蔬菜有哪些？2. 具有降血压作用的蔬菜有哪些？
732,补药可用于子宫内膜样腺癌吗？ 老师，我是2018年8月手术的子宫内膜样腺癌1A期患者，我在四川省中医院开的处方好像都是补的，你看看好吗？有人说这个病不能用人参这些补药，对吗？
733,单杠引体向上 肩关节屈是因为臂在身体前侧吗？
734,针灸学对于癌症的治疗法则呢  中医针灸学可以治疗现在几乎所有疾病，学生不否认，但也不敢全部认同此说法。在老师针灸学的三十多年临床里，有没有碰到一些癌症患者呢，如果有，如何去辨证论治。希望老师可以帮我解答一下，因为学生家里有一名癌症患者，西医已经无法治疗，内心非常的沉重，想在中医这里找寻一些方法，无论有无，在这里先谢谢老师了。
735,高血压患者的安全护理 护士应该怎样指导原发性高血压患者预防摔倒？
736,骨性体表标志 骨性体表标志是在身体表面可以看到或摸到的骨性突起、凹陷等，对确定身体内部结构等具有重要的临床意义。在活体下肢表面可以摸到哪些骨性标志？
737,三七 请问老师，三七和三七花是同样的功效吗？能用三七花泡水喝代替三七吗？
738,老师，什么是肺实变？有什么表现？
739,如果你是患者，你该首先如何向医生称述你的病情？    如果你是患者，你该首先如何向医生称述你的病情？（请点击“回复”，回答本题可以获得讨论分。注意：点击“向老师提问”是没有讨论分的哟）（模拟）如果你自己（或者你的亲朋好友）有不舒服，需要看医生，请具体写出你的主诉（请按视频中主诉的要求写出）。
740,疼痛评估   如果患者是一位中度痴呆老人，如何评估其是否存在疼痛？
741,除颤完成之后是继续心肺复苏的操作吗   老师，请问除颤完成之后是继续心肺复苏的操作吗
742,男性肾结石在排出体外的过程中，容易嵌顿在哪些部位？
743,甲状腺的局部解剖   甲状腺上动脉与喉上神经的关系、甲状腺下动脉与喉返神经的关系及其临床意义
744,讨论题    1.感冒的临床特征有哪些？2.试述3-5种预防感冒的方法。
745,如何得知单位时间内神经纤维动作电位的最大次数 请问如何得知单位时间内神经纤维动作电位的最大次数（频率）？
746,网上购药是否可信？  对于大多数人来说，并没有在网上购药的经历，并且会担心有的网上店铺不是合格的，担心买来的药品不安全，所以大家很少很少在网上购药；想问一下老师在网上有哪些正规合格的良心药店?
747,我国人均吗啡用量低下 人均使用吗啡量是用来描述一个国家或地区对疼痛患者镇痛情况的重要指标。中国是世界上人均使用吗啡量非常低的国家，结合身边疼痛患者镇痛或临床患者的镇痛情况，谈谈你对此事的看法。
748,穴位不是我们想象的那么简单  听了老师所讲述的。才知道经穴之博大精深。感慨中医的神奇力量。针炙的神秘。
749,胸骨属于四类骨中的哪类？
750,畏寒 肾阳虚会导致畏寒，脾虚也会导致畏寒，怎么区分
751,小腿痒    两个小腿发痒，已有多年，上药不痒，一停药就痒。该怎么办呢？
752,非竞争性拮抗药    在讲解中图表上并没有像竞争性拮抗药一样像右移讲解也是这样，但是在十二五规划教程中，提出曲线的右移和下降，这是认识的进步，所导致的吗？
753,为什么吸气时，心交感紧张增加？而呼气时是心迷走？   那vasalva动作与心迷走以及心交感的关系是啥？
754,请问老师针剌麻醉常用的穴位有哪些？
755,胸式呼吸和腹式呼吸  呼吸是由于胸腔容积的大、小变化引起的，可以分为胸式呼吸和腹式呼吸。哪些肌肉参与胸式呼吸？哪些肌肉参与腹式呼吸？（请学习完上肢肌内容后再给出答案）
756,腱鞘炎    请问，腱鞘炎在发生后不做过量运动，可以减轻症状或自行恢复吗？
757,静脉切开术结扎问题  结扎远心端后，静脉回流部分受阻，不会产生什么影响吗
758,中枢神经 — 抗癫痫 卡马西平为什么能治疗尿崩症？
759,我选第一题  第一题，放些感冒的感冒灵 清热解毒的板蓝根颗粒 退烧药 可体温计、消毒棉签、创可贴、医用胶布、镊子、电子血压计。消毒剂： 75%酒精、3%过氧化氢溶液（双氧水）、碘伏。还可以放氨咖黄敏片、
760,阿司匹林   关于阿司匹林的使用剂量大小与治疗作用怎么分析？
761,不明白效价强度是什么意思   视频里老师说效价强度是引起50%效应时对应的剂量 后面又说这个剂量越低 效价强度越高 不懂什么意思 同时也不知道效价强度的药理学意义 谢谢老师解答
762,请问为什么说自身调节灵敏度低呢？
763,为什么医疗护理文件要做到及时记录？
764,阿托品不是M受体阻断药吗？它在它小剂量时减慢心率什么原理呢
765,外科颈    外科颈究竟在哪啊，为什么第三题是错误的
766,关于月经   请问老师，白带带血和月经怎么区别呢？
767,心房与心室  老师，心房跳动，正常人能听到吗？第一心音和第二心音与心房有关系吗？听到的房颤心率不规则，声音是心室发出的还是心房发出来的
768,手指的血管和神经   手指的血管和神经的行径特点如何？根据此特点，临床上止血和麻醉应在何处？
769,请问老师，天然蛋白质是否都具有三级结构，四级结构？
770,铺床操作中的人体力学 以备用床操作为例，说明在操作过程中护理人员如何有效利用人体力学的原则？
771,脊髓灰质炎（小儿麻痹症）       脊髓灰质炎，又称小儿麻痹症、婴儿瘫，是由脊髓灰质炎病毒引起的急性传染病，多发生在婴幼儿。脊髓灰质炎病毒为嗜神经病毒，主要侵犯中枢神经系统的运动神经细胞，以脊髓前角运动神经元损害为主，病情轻重不一，轻者无瘫痪，重者可累及生命中枢而死亡。结合解剖知识，解释典型脊髓灰质炎病人在感觉和运动方面会出现哪些症状？为什么？
772,下巴总是反复长痘，月经忽前忽后，月经量少   孙老师你好，我今年31岁，女，我感觉我的体质属于那种比较弱的，偏瘦，应该就是您直播课里面说的阴阳两虚亚健康状态，比较容易上火，所以平时吃饭也很注意，但是下巴位置就很容易长痘，刚开始是红肿，过两天就会变白，如果不管它自己也会消下去，但是有个问题就是的痘痘刚消下去几天，然后过几天又会在下巴的别处冒出来一颗，反反复复就那两三个地方，尤其是月经前肯定会长痘。嘴巴周围肤色比较暗淡，有点偏暗黄。还有每次来月经前一周内有时候会拉肚子，月经快结束的时候也会拉肚子，月经量不多，以前月经都是推后个一两天，这两三个月又不知道咋又提前一两天了，自从两年前生了孩子后，每次来月经的量就不如生孩子之前多，现在只有每次来月经的第二天比较多一些，后来几天就少的很，基本就没有了，而且来月经的时候腰部有点发凉。希望老师能给个可以改善我这种情况的建议。
773,糖尿病病人在饮食和运动管理方面需要注意哪些？
774,老师斑秃怎么调理？  老师早上好，刚刚看了一个案例，说斑秃的人，经过舌诊自测是湿气重，然后用温胆汤泡脚和茯苓术甘汤半年，终于开始长头发。我上网查了一下，斑秃（油风）可能引起的原因有很多种，这个案例能不能理解为，身体有湿先排湿，阴液平衡了之后，身体阴阳自然调节？而他自己的诊断并不是直接针对了某个斑秃对应的脏腑进行调理？
775,您认为可采取哪些形式在青少年中开展死亡教育？
776,这十二条经脉的名字有什么办法记住吗？
777,第八周 主题讨论 选第一题  应准备伤风感冒药、抗菌药、清热止痛药、抗过敏药、消化药、消炎药、药棉胶布、纱布、血压计、温度计等
778,动作电位   动作电位的传导用物理学该怎么解释
779,痰湿 29岁女性，比较怕冷。半个月以来，每逢早上就咳嗽，有痰偶尔能咳出，白痰。吃过咽炎片、感冒片，效果不明显。请问老师如何调治？
780,药品名字记忆 请问大家都有什么好的记忆药品名字的小技巧，我是根据一类一类的记，其他的死记硬背，但是感觉这样效率不是很高
781,中药服用   为什么现在在中医院开的中药服用时可以不要求重新煮沸，这样药效还在吗
782,色氨酸转录衰减调控  老师，请问为什么当色氨酸浓度高的时候核糖体会停在2号信号序列上而不往前走？
783,老师请问一下 影响血流外周阻力的主要因素是A 血管口径     B 血流量      C 管壁弹性      D 血液粘滞性   E 血流速度
784,有错别字吧，阻滞药，视频里怎么是组织药啊
785,讨论题    运用刮痧治疗感冒时，如何体现辨证施刮？
786,活性中心与必需基团的关系   如何理解活性中心与必需基团的关系？
787,心肌缺血的心电图表现 书上写，典型的心肌缺血发作时，面对缺血部位的导联常显示，缺血型ST段压低和（或）T波倒置。
788,想不通    我就是想不通，为什么细胞的静息电位是内负外正……然后为什么外面的钠离子（阳离子）进入细胞就成去极化（小于静息电位）了……为什么钾离子（阳离子）出去就成超级化（大于静息电位）了，我看老师的课看懂了，自己多想几遍又搞不清了……
789,急性胰腺炎  男，45岁。午宴大量饮酒1小时后突然出现中、上腹疼痛，难以忍受，逐步向腰背部放射，并伴有呕吐，呕吐物中有胆汁。临床诊断为急性胰腺炎。请问：1. 胰管的开口部位在哪？2.你了解急性胰腺炎的病因有哪些吗？3.结合解剖知识，急性胰腺炎可误诊为哪些器官的病变？
790,排卵期出血  请问老师，排卵期出血会引起尿常规的隐血阳性，尿蛋白阳性吗？
791,解剖股三角时如何寻找股深动脉及其分支？
792,为什么发热患者应进食流质或半流质饮食？
793,机体对用冷会产生什么样的反应？
794,HPV    人乳头瘤病毒（HPV）是一种双链DNA病毒，能导致人体皮肤粘膜的鳞状上皮增生。我国15-55岁的妇女中HPV的感染率约为13.2%，尤其是20-24岁的年轻女性和45-49岁的绝经前妇女感染率最高。
795,请大家结合自己的经历，谈谈服药应注意的问题？
796,局部电流疑问 书上有一幅动作电位产生时局部电流的图，在兴奋区电流内向，膜电位变为外负内正。兴奋区与邻旁未兴奋区形成局部电流，但邻旁未兴奋区电流外向，外向电流不是加强膜极化导致超极化，为什么能引起邻旁未兴奋区的去极化？
797,阳脉之海是奇经八脉中的督脉跟十二经脉中的其他六条经脉是哪六条
798,肌腱发炎是如何产生的？
799,老师好，请问甲减可以针灸治疗吗？
800,第6颈椎   老师您好，视频中提到当头部出血的时候，按压劲总动脉至第六颈椎时，可暂时止血。请问是按压双侧劲总动脉吗？还是仅仅按压出血侧？
801,人机对抗   老师您好，请问机械通气时显示人机对抗，会有哪些原因呢，查了书籍和百度，都没有找到答案。谢谢
802,这三百多个穴位是不都要全部记住啊？
803,汤剂和丸剂（中成药）有什么差别呢？  汤剂和丸剂（中成药）有什么差别呢？
804,号脉 一共两个问题：一正常的脉象是怎样的？二性别，年龄会对脉相造成影响么？
805,第一题    体温计，血压计，小型手电筒，消毒纱布，创可贴，清凉油，口罩酒精，感冒药，生理盐水。
806,如何区分冠心病心绞痛、心肌梗死？
807,请问老师针灸练习的禁忌有哪些？
808,我在自己的腋窝和腹股沟用力地触到了一些颗粒状物。请问，这是淋巴结吗？这是否为正常现象？
809,糖尿病患者在用药方面，应选择肌注胰岛素还是口服药？
810,治疗 我在医院针灸过。医生都是扎胳膊肘以下，和膝盖一下。后背扎针灸很少，为啥？
811,心房率，心室率，心率 老师您好，我有点困惑，有的心律失常心房率很快，而有的就心室率很快，而室上速心率很快，达150-250次/分，这三种有什么区别，我该如何区别和计算呢
812,关于疏水性的比较   老师好，请问极性中性氨基酸之间的疏水性强弱怎么比较？极性中性氨基酸与芳香族氨基酸疏水性谁强谁弱？
813,请大家谈谈自己偏好的休息方式有哪些？
814,关于五腑   其实我不太明白  不是五脏六腑吗？
815,请老师解惑。 α-氨基酸与茚三酮反应显色呈蓝紫色；脯氨酸，羟脯氨酸与茚三酮反应显色呈黄色；天冬酰胺和什么氨基酸与茚三酮反应显色呈棕色？有人说是谷氨酸，有人说是谷氨酰胺。请老师解惑。
816,老师，你好，请问一下，双肺野是什么，一直听说这个名词
817,急性疼痛的影响    谈谈急性疼痛在重症患者病情观察中的意义。
818,原发性高血压病的病理学变化中，是人体血量绝对值增加了吗
819,突触延搁的生理意义是什么？  罗教授，你好。突触延搁是兴奋在突触处传递时的时间延搁。那么突触延搁的生理意义是什么？
820,蛋白质的协调性    老师你好，我想问一下，分布在不同染色体上的珠蛋白基因如何实现表达蛋白数量的协调性？
821,一岁半宝宝，过敏导致湿疹，少汗，手脚冰凉，怎么调理  孙老师，您好！我有一个一岁半的宝宝，四个月时爆发湿疹，全身起疹子且流水，去医院后，医生开了药膏，涂抹一周，皮肤好转，但停药后，湿疹又反复，复查，是过敏，宝宝喝母乳，于是我做了忌口，回避鸡蛋牛奶牛肉等，宝宝好转，但是手弯弯，脚弯弯处依然比较红。在10个月大时，吃了黑鱼，湿疹爆发，表现为皮肤红，干痒粗糙，掉皮。11个月断了母乳，改吃深度水解奶粉，湿疹好转了些，但依然掉皮，且手脚冰凉，食量大，晚上夜醒两次，每次醒都喝120ml奶，且皮肤几乎不出汗。后来送去小儿推拿，推拿两个月，皮肤改善，但是依然皮肤少汗，干燥。请问这种情况，该如何调理？
822,当过敏性休克时，为什么首选肾上腺素？
823,砭石 老师：砭石和刮痧板一样吗？意思相同吗？
824,孙老师：什么交头痛连项啊？  孙老师：什么交头痛连项啊？
825,避孕为什么不从男性身体下手  为什么避孕要从女性而不是男性身上着手
826,足小指。   老师：胆经到足小指，那它怎样和肝经相连系呢？肝经在足大指啊？
827,饮食护理有哪些需要遵守的原则？     一.饮食有节，不可过饥过饱，要有规律； 二.饮食有方，要掌握正确的方法，细嚼慢咽，食物软硬应当恰当，吃完后不可以立即躺下，也不可以剧烈运动，睡前不要进食，所食之物要确保新鲜干净； 三.谨和五味，食物应该多样化，合理搭配，不可偏食 四.荤素搭配，多吃果蔬粗粮。
828,寸口脉    为什么左边是心肝肾，右边是肺脾肾？只是按位置分吗
829,第16题   为什么解毒药、止吐药、清热药均应该冷服呢
830,老师 老师，您好，第三题是不是对称不对？矢状面不是应该将人体分成左右两部分吗？
831,腹部检查   区别腹部肿块来自腹腔或腹壁最简易的检查方法是
832,舌干 老师，您好。我家的老人有这样一个症状，就是每次睡觉时觉得嘴很干，摸着舌头也比较粗糙。但是醒来后不久情况就会改善，这是阴虚造成的津液已伤的原因吗？吃了六味地黄丸（医院医生开的），几乎没有效果。他平时比较怕冷。请问老师这到底是什么原因呢，有什么成药可以改善状况呢？
833,井穴 老师：井主心下满是指什么？是肝么？是胃么？十二井都是主心下满么？都指肝还是指胃？
834,所以我就很奇怪，如此用五邪就可以了，为什么还要单独立个暑邪出来？有什么特殊意义吗？
835,肝药酶    请问肝药酶的概念和意义是什么？
836,谈谈人的身高 俗话说“二十三，窜一窜”，很多父母认为孩子个子矮不用着急。你认为这个说法正确吗？有什么科学依据？如何预知自己能否继续长高呢？
837,骨度分寸定位法    我以前一直认为拇指同身寸非常有用呢，今天听老师讲课才知道骨度分寸法是基础的基础，课下好好背诵学习，谢谢老师
838,舌尖烂是不是心火旺？但是睡眠和正常啊，没有失眠
839,请老师给纠正 12.09分左右，支沟配阳陵泉，老师讲课内容正确，下面的字幕打成阴陵泉了
840,垂直站立或运动后才会下得比较顺畅  是因为子宫的前倾或后倾吗？
841,请问青光眼患者为什么不能使用氯丙嗪？
842,穴位 按压身体某个部位会出现跳动，是否是穴位所在？
843,酸怎么能去掉钙盐呢？
844,寸口脉    为什么左边是心肝肾，右边是肺脾肾？只是按位置分吗
845,牵涉痛    某些内脏器官病变时，在体表一定区域产生感觉过敏或疼痛的现象，称为牵涉痛。例如，胆囊炎时右肩部会有疼痛。了解牵涉痛有助于诊断和鉴别诊断。依据所学解剖知识，你能解释牵涉痛产生的原因吗？你知道哪些脏器病变时相关的牵涉痛吗？
846,精神养生   抑郁症的精神怎样调养？由西药治疗逐步改为中药治疗形吗？请老师处个药方“忧郁症中度病人36岁、工作压力大、长期服西药、想服中药”。
847,中医妇科-月经病，带下病   1月经先期【月经提前7天以上】   2月经后期【月经推后7天以上】  3月经先后无定期【月经错乱】  4月经过多【月经量多】   5月经过少【月经量少】  6月经延期【经期延长】  7经间期出血【排卵期出血】  8痛经【子宫内膜异位 慢性盆腔炎】  9闭经  10带下病【白带 黄带 阴道炎】  11崩漏
848,中医内科-气血津液病-6 虚劳9 瘿病（甲亢 甲状腺肿）   6 虚劳9 瘿病（甲亢 甲状腺肿）
849,老师，请问是否十二经和奇经八脉都适合推拿按摩拍打，以通经脉？
850,讨论题：请谈谈你是如何理解“人是一个有机的整体”。  请谈谈你是如何理解“人是一个有机的整体”，试举例说明。
851,内关 腕横纹上 2 寸，掌长肌腱与尺侧腕屈肌腱之间
852,问汗 老师：手出汗可以是更年期综合症的症状么？
853,古人是怎么从那么多材料里面选出来艾蒿这种植物作为灸的原料？
854,在基层，人们一般看不到针灸医生，这是为什么？
855,痛风合并糖尿病    老师，如果是痛风合并糖尿病，是不是就更加的惨了
856,关于非竞争性拮抗药  老师你好 请问非竞争性拮抗药的图标关系里 LogC （横坐标）所代表的是什么？实线是指即使增加激动药 E也达不到本来没有拮抗药时的效用吗？ 实线有两条 请问是代表分别在什么情况下呢？谢谢
857,假肋前端肋软骨相互连接构成肋弓是否正确?
858,继发性高血压和原发性高血压  护理措施
859,左右 关于冠状轴的那个，课本上描述为左右方向，可应该是按照我的左右方向，还是我所面对的人体的左右方向？（由以前的高考作文漫画想到的，切错了腿）
860,第一题    患者自身的因素：长期以来患者对医生的依从助长了医生的不合理用药行为；有些长期慢性病的患者盲目自行服药，擅自缩短或延长用药时间；随意购买非处方药可能导致不合理用药的发生；药品广告不规范不合理，任意夸张其疗效，对消费者造成误导。
861,如何理解“以五脏为中心的整体观”？  请在学习完五脏六腑理论之后，发表你对“以五脏为中心的整体观”的认识。（请点击“回复”，回答本题可以获得讨论分。注意：点击“向老师提问”是没有讨论分的哟）
862,请同学们讨论：人乳头瘤病毒（HPV）和宫颈癌是什么关系？   人乳头瘤病毒（HPV）和宫颈癌是什么关系？
863,请谈谈你对某种物质代谢池的理解    体内的很多物质有各种来源，也有多种去路。从而形成该物质的代谢池。如血糖代谢池、氨基酸代谢池等。请谈谈你对代谢池的理解。
864,很累却睡不着的例子中，心火旺为何还要补心？  老师 您好，在很累却睡不着的例子中，病因是肝火旺应该泻肝火，为什么还要吃天王补心丹呢？
865,对掌 灵长类动物可不可以对掌？只有人类可以对掌吗？
866,风热 老师：风热之邪就是感冒发烧了，只要发烧，无论冬天还是夏天都属于风热之邪。对吧？
867,气血不足平时要注意什么，怎样对症对人调养？平时稍做运动就会大汗淋漓，学习了这个课程才知道是肺气不足的原因，而且中焦不通，脾胃不好，脾虚面黄，被湿气包围，舌苔白厚。希望老师能抽空回复一下。
868,青霉素过敏应怎样处理
869,我就是肝气郁结，心肝火旺，肝胃不和，肝脾不调，肝肾阴虚      老师你好，我今年43了，上了课发现自己完全符全肝气郁结，心肝火旺，肝胃不和，肝脾不调，肝肾阴虚的症状。之前因为慢性胃炎 嗳气严重住过二次院了。每次生气或是心情不好就会变严重。请问可以用那种药治，或是食物治疗。不胜感谢！！！
870,睡觉打呼噜与面颅骨有关系吗？ 请问老师，睡觉打呼噜与面颅骨哪个部位有关系？
871,肺炎降温   肺炎患者物理降温可以选择酒精擦浴吗？
872,硌合碘（外伤用），消毒棉纤，消毒纱布，医用一次性手套，剪刀，压脉带一根（外伤止血），绷带、医用胶带、酒精棉球，止泻药、止咳药、跌打酒、含有抗生素成分的消炎药、皮肤用药等创可帖，35%酒精（物理降温），板蓝根，穿心莲，维生素b2（口腔溃疡），阿托品（确有胃病）
873,痛风病人在饮食上需要注意什么？
874,胃的募穴与胃经的募穴不是一个吗？
875,老年人在选择缓泻剂时应注意哪些问题？为什么？ 缓泻剂可以在某种程度上帮助慢性便秘的人解除便秘，对于老年人在选择缓泻剂时应注意哪些问题？为什么？
876,为什么说苯丙氨酸苯基的疏水性较强呢？
877,“踝管综合征”的表现有哪些？为什么出现这些表现？
878,一个月来了来了两次月经    月经后隔了十天又来了月经，量都是正常的，饮食作息还算正常，这是什么原因造成的呢
879,苯海索可以阻断中枢M受体，为什么不能治疗晕动病？   东莨菪碱和苯海拉明都有中枢M受体阻断作用，可以治疗晕动病，而苯海索却没有说
880,浓度变化与ATP酶  老师好！我在《医学生理学》这本书上看到“这些膜蛋白具有ATP酶活性，可以细胞内、外某种离子浓度的变化而被激活，直接催化ATP分解，、、、、、、”我的问题是，为什么ATP酶会因为这些离子的浓度的变化而被催化分解。
881,请大家就经络的历史讨论一下经络的作用 根据经络学习的感受来讨论。
882,老师您好，我想问一下血钙为什么会抑制神经肌肉的兴奋？？谢谢
883,分析前臂各肌在腕关节运动中的协同和拮抗作用
884,关于脾胃虚弱 老师好！我平时有紧张焦虑容易拉肚子的表现。除此之外，一受凉或吃凉的食物也容易拉肚子。请问您我这两种表现是否都是肝脾不调呢？如果都是肝脾不调，有两种情况，一种是肝气旺盛，一种是脾胃虚弱。因为我平时没有烦躁易怒的表现，所以是不是就可以判断为脾胃虚弱呢？我之前吃过参苓白术丸，但效果不明显，您有没有其他的建议呢？谢谢您！
885,少阳头痛   老师您好！请问偏头痛所属少阳脉，取穴足临泣，经络所过主治所及，取本侧还是对侧的足临泣效果好呢？谢谢
886,肾血浆流量下降的话，毛细血管血压会下降？
887,肺经 为何肺经起于中焦
888,针灸模型   老师，有可以在家里联系扎针灸的人模具么？
889,腹股沟管浅环 求讲腹股沟管浅环的位置，形态，和通过结构
890,横切面（水平面）   横切面感觉有点抽象，腹部ct图横切面可以看到的方位是前后，左右，内侧外侧，不太理解，老师可以解释一下吗？
891,患者住院期间有哪些清洁卫生护理需求？
892,木郁土虚，土雍木郁是五行学说的什么关系？   前者是相乘，后者是相侮对吗？见肝之病，知肝传脾，理解为相乘(木旺乘土)，临床上能见到什么现象是相侮（土旺侮木）的？比如向东是大海那视频是肝木侮肺金。
893,濡养的概念和营养的区别是什么?    上节课血和津液的区别里提到血比津液多出营养的功能，津液没有营养功能
894,锁骨下静、动脉沟   老师讲到锁骨下静脉沟和锁骨下动脉沟，一前一后，但是我从其他地方看到锁骨下两条较大的血管，静脉与动脉都在第一肋骨上面，我感到很困惑，想知道静脉沟和动脉沟与静脉和动脉是什么关系
895,有的药物吸收入血液循环会与血浆蛋白结合，药物失活了吗？    与血浆蛋白结合的药物很难进去组织细胞，但最终会发挥作用，那就不能说药物失活了，只是半衰期延长了。请问老师这样理解对吗？
896,更年期    绝经后期后的12个月后是更年期？
897,古人真是就地取材无奈生法，急中生智，成就了传世绝学。
898,如何有效的辨识自己的体质   结合《中医护理基础1》上的用来辨别体质的量表，我发现不是特别准确，人对自己的评价总是很主观并且缺乏准确性。
899,脂酸是怎样进行氧化分解的
900,老师你好，有些疑问想问您   十二经脉，我们在学习的时候是不是不用背全部穴位，只背重点穴位呢
901,比如：寒邪和热邪、燥邪和湿邪，这两对非常好理解，基本类比温度和湿度。风邪和前面湿邪都不同，可以独立论。
902,内翻缝合的第二个，即连续水平襦式，最后打结怎么打？视频里没有 内翻缝合的第二个，即连续水平襦式，最后打结怎么打？视频里没有。
903,请谈谈你对基因表达调控的理解 请谈谈你对原核生物（或真核生物）基因表达调控的理解。
904,阴阳五行常见问题解答中的思考和问题  老师您好，学习了阴阳五行知识后，对中医学的基础理论有了初步的了解，后续需要更加深入的学习和理解，结合常见问题解答第三问，个人有以下理解，请您指正：1.从五行生克乘侮的关系看肝火引动心火，导致心肝火旺，属于相生关系的“母病及子”；肝火旺盛克制脾胃太过，导致肝胃不和及肝脾失调，属于相乘关系的“木旺乘土”；肝火日久，灼伤肾阴，属于相生关系的“子病及母”；肾水不足，导致心火旺盛，属于相侮关系的“水虚火侮”（这是我自己编的）。不知道这样理解是否正确？2。从虚实辩证看，老师讲“邪气盛则实，精气夺则虚”，案例中心肝火旺属于邪气盛，属于实证；脾胃肾被克或被侮，应属于虚证。而老师讲，肝胃心的病变属于实证，为什么胃的病变属于实证呢？
905,髂骨的红骨髓 老师，我想问：很多骨科手术需要植骨常常取髂骨，不影响活动是个原因，还有别的原因吗？还有髂骨的红骨髓功能大吗？
906,易化扩散   易化扩散只能顺着浓度梯度进行吗？逆着浓度梯度可不可以？
907,髋关节不是杵臼关节吗
908,关于病、证和症的理解 老师您好，通过学习绪论，基本了解了病、证和症的区别和联系，自己有些理解不知道对不对，请您指教。简单地说，我的理解：病是对证的抽象概括，证是对症的内在原因分析和概括，症是疾病的各种表象。辩证治疗，就是通过望闻问切诊察症状，分析病因找出病证，从而治疗疾病。
909,请问痛风是年老的多吗？    痛风分年龄吗？随着年龄的增长，会不会由于器官退化也会的痛风。请老师解答一下
910,走路飘，腰膝酸软，特别怕冷该如何用药呢    孙老师您好，我44岁，一级高血压，生活在桂西的百色市，夏天特别热。颈椎处特别不舒服，第四五节颈椎有增生，此外这两年腰膝酸软，不能吹空调风扇，下肢尤其是双腿踝关节处特别冷，晚上在30℃的温度下也需要穿袜子睡觉；饮食方面以宿舍为主经常吃一些坚果，基本不吃如青瓜，冬瓜，黄瓜这类的寒凉食物，有一点溏便现象。已经吃了半年的西药降压（络活喜）只是还是经常觉得头晕，走路经常有飘的感觉，个人觉得根据老师课程内容我是否应该有肾阳虚，脾虚的情况? 我目前最想解决的是特别怕冷的情况，以及走路不飘的问题。从四月初开始做艾灸，从涌泉穴灸，其他的该如何用药呢？谢谢孙老师
911,心脏瓣膜病  二尖瓣狭窄怎么没有全身乏力？而二尖瓣关闭不全是全身乏力先于肺淤血
912,大隐静脉行径的标志点有哪些？熟悉其行径、属支有何临床意义？
913,在胸小肌上、下缘各能观察到哪些结构？
914,骨度分寸法  两锁骨中线之间的距离？是6寸？
915,关于肝脾不调的问题  老师好！昨天刚学了五行学说在中医学中的运用一课，我平时就有紧张焦虑容易拉肚子的表现。除此之外，一受凉或吃凉的食物也容易拉肚子。请问您我这两种表现是否都是肝脾不调呢？如果都是肝脾不调，有两种情况，一种是肝气旺盛，一种是脾胃虚弱。因为我平时没有烦躁易怒的表现，所以是不是就可以判断为脾胃虚弱呢？我之前吃过参苓白术丸，但效果不明显，您有没有其他的建议呢？谢谢您！
916,糖尿病患者便秘应该服用什么样的药物？
917,饮食养生   病从口入、要因人因时进行饮食养生。
918,花粉过敏   孙立老师，您好！又到了春暖花开的季节了，过敏性鼻炎又开始了。现在的症状是:鼻塞、鼻痒、打喷嚏、眼干、眼胀、眼发痒、便溏。请问怎么治疗？老师，能从您那儿买药吗？很难受，谢谢老师帮助！
919,“浓度相等”是什么意思？   老师，我不明白为什么非解离型的在血液和尿液中浓度相等啊。达到平衡的意思药物在全身各处的浓度都相同吗？还是说是在细胞内外的浓度相同呢？
920,背阔肌瘫痪后会有什么症状
921,腰疼 老师您好，我就是干活或是运动完之后，就会腰疼，有时疼得坐不住，也没有其它什么症状，麻烦推荐两幅草药！
922,三、奇经八脉的主要作用？1.沟通了十二经脉之间的联系，将部位相近、功能相似的经脉联系起来，起到统摄有关经脉气血、协调阴阳的作用。 2.对十二经脉气血有着蓄积和渗灌的调节作用，若喻十二经脉如江河，奇经八脉犹如湖泊。
923,痛风急性发作时应该如何处理？
924,臂丛神经阻滞麻醉   将局部麻醉药注入臂丛周围，使其所支配的区域产生神经传导阻滞的麻醉方法称为臂丛神经阻滞麻醉，是临床上常用的麻醉方法之一。依据所学解剖知识，你认为臂丛神经阻滞麻醉应该选择在哪个部位进行？其麻醉范围如何？适合哪些部位的手术？
925,如果家中有老人或都有慢性病号，那家中的药箱就想对“重”一些。必须备上对症的、能及时缓解病症的药物。
926,关于母胎血型不合   为什么母胎血型不合有些引起死胎，而有些在出生后才表现为新生儿溶血？
927,尺泽，三阴交穴的主治作用   尺泽1.近治作用：肘臂痛2.远治作用：咳嗽，气喘，咯血，咽喉肿痛，胸满。3.特殊作用：小儿惊风，泄泻。三阴交 1.近治作用：下肢痿痹 2.远治作用：月经不调，崩漏，带下，不孕，滞产，遗精，遗尿，小便不利，疝气，腹胀，肠鸣，泄泻3.特殊作用：阴挺，阳痿以上分类是否正确，如果有错误，是哪个知识点存在误区？麻烦老师解答，谢谢！
928,常见的妇科肿瘤有哪些？有哪些可以预防呢？如何预防？  常见的妇科肿瘤有哪些（包括良性和恶性）？有哪些可以预防呢？如何预防？
929,脑卒中后康复的最佳时机是什么时间？可采取哪些康复措施？
930,血压 循环血量和血管容量都增加对收缩压和舒张压哪个影响较大？
931,症状的讲解全面具体，收获匪浅。
932,皱襞密而高，疏而低是。高低是什么意思
933,自由下肢关节有哪些连结？
934,左冠状动脉供血不足时，可以由右冠状动脉临时代偿性补充?为什么
935,股骨下端不是有内侧髁外侧髁吗，这个不是髁间隆起吗？
936,脑颅骨面颅骨的分界  请问老师～“眶上缘-外耳门上缘是脑颅骨中颅盖和颅底的分界，脑颅骨面颅骨的区分只是骨头吧，分界线应是不确定的。”这个是对的嘛？
937,大沟是什么  大沟，小沟是什么意思
938,肺炎、慢性阻塞性肺疾病和支气管哮喘患者吸氧方式和吸氧浓度   肺炎、慢性阻塞性肺疾病和支气管哮喘患者吸氧方式和吸氧浓度
939,我48岁，月经正常，容易紧张着急，脸烧灼感，睡眠不足，做梦
940,鼻旁窦炎的解剖学机制是什么？
941,关于利小便实大便   中药中可以利小便以实大便的中药除了车前子还有哪些呢？
942,手消毒    外科洗手时，不用无菌刷刷手，泡手吗？我们学校教的要刷手和泡手。请老师指点迷津
943,老师你好！请问一下针灸可以治疗斜视吗？
944,家庭药箱里面的药物记得随时更换填补因为有些药物的保质期是比较短的，服用过了保质期的药物效果可能不是那么明显，并且可能会产生一些毒副作用。
945,糖皮质激素的抗毒作用 老师及同学们，我查了资料说糖皮质激素抗毒作用是提高机体对细菌内毒素的耐受力，但是说成糖皮质激素的抗病毒作用就不对了，为什么呢？抗毒作用跟抗病毒作用有什么区别？
946,长期饥饿时机体脂肪代谢有什么特点？
947,糖前期    空腹血糖6.1—7.0之间有5年左右没吃过药，做过糖耐量检查定性糖前期。一直保持这样可以么？
948,下丘脑-内分泌系统的“司令部”    下丘脑的神经细胞具有特殊性，既对其他神经细胞传来的刺激起反应，同时还具有内分泌功能，能合成和释放调节垂体分泌等功能的激素，它将神经调节和体液调节融为一体，既是皮质下植物性中枢，又是内分泌中枢。你知道下丘脑能分泌哪些激素吗？主管哪些生理功能？
949,阴阳 什么是阴病治阳，阳病治阴
950,你对针灸学怎么看？  本人认为针灸是国粹，既能治病，也能养生，我希望走进针灸并学习应用。
951,燥邪是阴邪还是阳邪  请问老师，燥邪是阴邪还阳邪啊
952,肝硬化和肝门静脉高压     肝硬化是因各种原因引起的肝的弥漫性损害，病理组织学表现为肝细胞坏死、残存肝细胞结节性再生、结缔组织增生与纤维隔形成，导致肝小叶结构破坏和假小叶形成，肝脏逐渐变形、变硬而发展为肝硬化。在我国大多数为肝炎后肝硬化。 肝硬化后肝血窦破坏，肝门静脉血液经肝回流至下腔静脉的途径受阻，肝门静脉及其属支内血液淤滞，压力增大。临床上肝硬化患者后期常出现脾大、呕血、便血和脐周静脉曲张及腹水等表现，称为肝门静脉高压征。 请根据肝门静脉系的解剖学知识解答以下问题：（1）为什么肝硬化患者后期常出现脾大、呕血、便血和脐周静脉曲张及腹水等表现；（2）你能想出哪些干预措施可以促进肝门静脉的血液回流入心？
953,为何暴饮暴食(特别是大量饮酒)后易引发急性胰腺炎？
954,糖皮质激素  糖皮质激素能够收缩血管，但是为什么在休克大剂量的时候，又能舒张痉挛的血管呢？
955,腰间盘突出  腰间盘突出手法可以复位吗
956,抗甲状腺药的错题   老师，硫脲类是通过抑制过氧化物酶抑制甲状腺激素的合成吧，不是抑制释放，这个不能改吗？
957,椎间盘是两个椎体之间的一整块吗？
958,舌色淡白且舌苔剥落，为啥属于血虚证呢？
959,太极拳与八段锦    太极拳与八段锦哪个好？
960,腧穴的命名特色有哪些？    根据腧穴的知识来讨论。
961,中医内科-外感病证- 感冒、外感发热、 湿阻（身重嗜睡）、 痢疾   1 感冒 预防感冒2 外感发热3 湿阻（身重 嗜睡）4 痢疾
962,为什么膈肌收缩 穹窿下降
963,经络组成   经络系统由十二经脉，奇经八脉、十二经别、十五络脉、十二经筋、十二皮部共同组成。 ”针灸鼻祖“皇普谧对针灸学术的贡献简述： 皇普谧吸收古典医学著作的精华，并结合自己的临床经验，写出了规范针灸学的巨著《黄帝三部针灸甲乙经》，对针灸穴位进行了科学的归类整理，奠定了针灸学科理论基础，对针灸学以至整个医学事业的发展作出了不可磨灭的贡献。
964,男、女盆腔脏器的安排及其与腹膜的关系的异同。
965,糖酵解被抑制后，能量从哪里来呢？   饥饿时，胰高血糖素升高，糖酵解被抑制，那会不会通过消耗蛋白质来获取能量呢？
966,益生菌有助于便秘吗？ 现在益生菌很风靡，尤其是儿童，母婴店经常推荐使用益生菌调理肠道，不知道是否有用，经常服用有没有副作用？
967,手术镊，弯针 老师，有齿镊、无齿镊与圆针、三角针的搭配用法有讲究吗?有齿镊一定要对应三角针吗?
968,被狗咬伤打狂犬疫苗就没事了吗？
969,眼睛 老师：眼睛有病，按摩风池，天柱好，还是针灸好？
970,强心苷中毒  书上这段看的不是很懂（主要是题目做错了）。强心苷中毒引起快速型心律失常是不是都要给钾盐来抑制强心苷与钠钾泵继续结合，然后再根据情况给予其他的药来缓解症状如利多卡因治室颤、苯妥英钠恢复钠钾泵活性等？
971,AED具体怎么使用？ 第一步骤是贴电极片？那么电极片具体贴胸部哪个位置呢？男女部位有区别吗？是否直接隔着衣服贴？第二步骤电极插入插座，然后是离开患者身体，等分析心率
972,本节思考题不明白   李老师，您好！请问本节思考题：在脑干内中继后上行的主要传导束包括内侧丘系、脊丘系、三叉丘系，为什么这道题答案选择B项错误的？谢谢
973,试述胃的副交感神经(迷走神经)的支配及其与外科手术治疗的关系。
974,中药究竟是怎么发挥作用的？  当归补血、黄芪补气，究竟是怎么补进去的？
975,我以前上过一节医学院的公开课，上面介绍说宫颈癌是唯一病因明确且课以完全治愈的癌症，不过接种疫苗好像很贵
976,女友25岁1型糖尿病 女友1型糖尿病90后女生。20岁诊断患上糖尿病。我们是高中同学，2012年开始上大学，我们不在一个地方读书，她在南昌上学，我在海口上学。2016年毕业，我在深圳打工，她在江西教中学课。2018年春节，我们高中同学聚会，我们重逢相见相恋，2018年五一假期，异地的我们相约一起旅行之后，我们正式确定恋爱关系。2018年6月，她告诉我，她患上1型糖尿病多年。考虑到将来结婚，生小孩，以及未来的工作发展，感觉很迷茫，以及担心父母反对婚姻，或者结婚后害怕她会有并发症，以及医疗支出的经济压力。请老师给予指点。最近心理压力太大，异地本来就够艰难了，加上她的糖尿病，感觉自己快坚持不下去了。谢谢
977,发热的临床分级是以腋温为例吧？
978,降气 老师：肝气不降怎么选穴呢？心气不将怎么选穴呢？五脏与六腑降气选穴不同吧？
979,硬膜外间隙阻滞麻醉      将局麻药注入硬膜外腔，阻滞脊神经根，暂时使其支配区域产生麻痹，称为硬膜外间隙阻滞麻醉。    1.请写出硬膜外隙的位置和内容    2.该麻醉方法适用于那些部位的手术或治疗？    3.你认为椎管内还有哪些位置可以用于麻醉？
980,教授，您啥时讲消化系统的疾病啊
981,有关经脉循行路线的疑问？   拿手太阴肺经为例，起于中焦，向下络于大肠，再返回沿胃上口（这里不懂），穿过横隔（横隔指的是胁肋吗？），入属于肺。请问这一段肺经的循行路线的用途是干什么的？
982,降气 老师：肝气不降怎么选穴呢？心气不将怎么选穴呢？五脏与六腑降气选穴不同吧？
983,"葡萄糖有氧氧化概况  老师，1.这张图5-5上的O2,前面两个O2代表O2在糖酵解途径也存在，只是不利用吗？2.一分子葡萄糖在细胞质中可裂解为两分子丙酮酸，其中的裂解为什么不是分解呢？"
984,GLUT2  老师，GLUT2与葡萄糖的亲和力较低，为什么肝还会从餐后血中摄取过量的葡萄糖呢？不应该亲和力低，摄取较少吗？
985,属络 老师，你好！手太阴肺经属肺络大肠是和肺大肠都相连吗？手阳明大肠经属大肠络肺是和大肠、肺都相连吗？
986,高血压与心绞痛用药  高血压伴心绞痛患者，并有肾功能不全，为什么答案用药是卡托普利呀，心绞痛用药没有ACE抑制剂这类药呀，求教老师
987,“左右相等的两半”按照第三题来讲是不是错的呢?
988,下颌窝是颞骨的还是下颌骨的  老师  下颌窝是颞骨的还是下颌骨的
989,本人男，30岁，未婚，思想上可能有点焦虑，但是平时一直会注意调节
990,救援伤害   不是专业人士，但具备一定的救援知识，是否可以贸然出手。因为不专业可能导致伤害，如果救援中产生的身体伤害是否需要承担责任？
991,D选项错误，B选项应该也是错误的   书上说结核分枝杆菌在阴湿处能生存5个月以上，但选项说的是干燥环境下能存活五个月以上也是正确的，到底哪个说法才是正确呢，虽然D选项错误更明显，但是B选项中也有错误，题目不太严谨
992,老师，想请问一下关于对急性左心衰患者的处理  对于急性左心衰患者的处理，其家属需不需要离开病人的病房?家属在病房的情绪会不会影响对患者的治疗。
993,请问您一下，就是最近有时候对女生有一种恶心的感觉，就是一想到，会有想吐的感觉，但是我觉得我取向应该没有问题，那这算是我的心理症状还是身体问题。
994,相信 一直相信中医，平时自己也总给自己和身边的人开药方，现在有机会可以系统的学习一下，太幸运了
995,下肢血管与神经的伴行关系。
996,方形肩是什么肌瘫痪所致的？
997,结核菌素试验 “通常用0.1ML(5IU)……”中的5IU表示什么？
998,糖尿病吃药的时间要严格限制吗？    老师，家里的老人有糖尿病，她的习惯也不好，早晨经常8点起床，起来之后要先吃药，吃药半小时后吃饭，早饭吃完9点半就算早了。然后就等着再吃饭，好像是两种，就要等一个小时才吃完。经常一上午就是吃饭，吃药，说是没有运动时间呢。她吃药的时间需要这样严格控制吗？早餐将近10点才吃完，又和我们一起12点多吃午餐，下午3点多就开始睡觉，晚上11点之前基本上没睡过觉，这样的习惯对她的病情是不是有影响，谢谢老师解答。
999,老师这些案例，都用什么方剂啊
1000,第三题    可以通过物理化学反应来辨别，但是在家庭中，一般通过观察药物的色泽，形状等可视变化来辨别。 药片。如果药片出现变色、松散、粘连、糖衣开裂等改变，不仅会降低药效，有时还会出现毒副作用。 胶囊。胶囊如果发黏、破裂一般就是过期了，不宜服用。 混悬剂。混悬剂是将难溶的固体药微粒通过液体溶解的剂型。如果它们出现絮状物、颜色及味道发生改变，就可能是过期了。 大瓶液体药物。糖浆、红花油等大瓶液体药物，一般一次用不完，可能要保存一段时间再用。如果出现分层、沉淀、异味则可能是变质了，不可继续服用。 膏药等外用药。膏药开封后容易挥发，味道变淡，药效会降低。
1001,阳虚 老师，家里老人70岁了，常年怕冷，还特别容易上火，经常性口腔溃疡，这是不是属于阴阳两虚的症状，平时该怎么调理呢？
1002,不明白为什么肱骨外科颈骨折出现肩峰凸起为什么是三角肌萎缩
1003,艾灸 老师：刮痧以后，对出痧多的地方进行艾灸行吗？
1004,关于十二条经脉上的募穴    脏腑之气汇聚于胸腹部的腧穴称为募穴，六脏六腑各有一个募穴，应该共有12个募穴。可是我只查看到6条经脉上的6个募穴，它们是：（1）肺经募穴：太渊，（2）大肠经募穴：天枢——在胃经上，（3）脾经募穴：章门——在肝经上，（4）肾经募穴：京门——在胆经上，（5）胆经募穴：日月，（6）肝经募穴：期门，
1005,中医内科-经络肢体病-1头痛 2 痹病（关节炎 痛风） 6 腰痛   1 头痛 2 痹病（关节炎 痛风） 6 腰痛
1006,发热的分度  发热的分度和九版教材不太一样诶，书上写的高热是39到41，超高热是41以上
1007,生物全息诊法？    请问老师什么叫“生物全息诊法”？典型的生物全息诊法有？
1008,如何学习脉诊、理解脉诊、应用脉诊？麻烦老师了！
1009,解热镇痛抗炎药    老师，一个患者同时患有冠心病和类风湿性关节炎该怎么用药？可以用阿司匹林和甾体抗炎药治疗吗！
1010,老师，请问一下，为什么浅而快的呼吸由于深而慢的呼吸是错的
1011,桡神经在何处发出肌支？肌支的走向如何？
1012,子宫脱垂   孙老师:您好！我妈，年龄80岁，经诊断为子宫脱垂ll。心脏偶尔心悸，吃点复方丹参滴丸就好了，血压轻微有点高，吃要控制，能维持正常，其他吃饭、睡觉、行动等都正常，可以自理。特请教孙老师，像我妈这种情况吃啥中药可以缓解治疗的吗？谢谢孙老师！
1013,巨人症和侏儒    我们时常会碰到或者听说有些人身体高不同于常人。那些身高明显高于常人的可能是巨人症患者，而身高明显低于常人的可能是侏儒患者。依据所学解剖知识，请分析：   1.人的身体长高主要和什么有关？   2.巨人症或侏儒是怎么形成的？
1014,针灸艾灸   针灸太专业艾灸人人都可以但是配穴需要学习
1015,猫皮层    猫皮层醒觉是什么呢？
1016,关于“诸参辛芍叛藜芦”    老师，“诸参辛芍叛藜芦”为什么这里不包括太子参?
1017,分析完，建议除颤，那么就进行除颤，要是不建议除颤呢？
1018,肋骨 上肋凹、下肋凹与横突肋凹是否都与肋骨相关节？
1019,胃痛 老师：治胃痛用足三里和中脘之外可以加中枢么？
1020,第二题.A选项.   书上写的是.消化道各器官由4层组织构成.而呼吸道.泌尿道.和生殖道各器官的壁由三层组织构成.那么A选项怎么正确呢？
1021,痛风容易与哪些疾病混淆？
1022,中药学    莱菔子适合胖人用，萝卜在冬季适合滋阴？从同一物所出为什么会这样呢？？？
1023,扎针 学完成绩合格后，可以自行动手扎针吗？（在自己身上）有什么风险吗？
1024,凝血因子怎么活化呢，是靠酶的激活吗  凝血因子怎么活化呢，是靠酶的激活吗
1025,脉诊 有时候我的心脏会突然停跳一下，这个叫结脉么？有时寸脉处会一跳一跳的叫啥？类似滑脉珠跳那种？
1026,我知道胸外心脏按压是一项很重要的技能，但是对于像我这种非专业学生，在没有专业老师手把手指导下应该如何练习呢？
1027,请选择下面你感兴趣的问题进行讨论   1、腰椎间盘突出的病人的常见临床症状为腰部疼痛，一侧下肢或双下肢麻木、疼痛等。试用本章内容解释出现一侧下肢或双下肢麻木、疼痛的原因。2、试讨论大隐静脉曲张出现的原因，如何治疗？3、股疝发生的解剖学基础是什么？股疝为什么容易发生嵌顿？股疝手术时应注意避免损伤什么结构？4、正中神经损伤后会出现什么症状，为什么？5、尺神经损伤后会出现什么症状，为什么？6、试用本章内容设计乳腺癌手术中淋巴结清扫的方案。
1028,股管位于何处？边界如何构成？如何鉴别股疝和腹股沟疝？
1029,痛风急性发作时会有哪些症状表现？
1030,中医内科-心脑病-7癫痫 8精神分裂症 抑郁症 9 躁狂症） 7 痫病（癫痫） 8 癫病（精神分裂症 抑郁症） 9 狂病（精神分裂症 躁狂症）
1031,关于颞肌的疑问    老师请问颞肌是在颞筋膜两层之间吗？
1032,疲劳 运动时常会出现肌肉收缩的疲劳，表现为肌肉收缩力量下降。请分析可能引起肌肉收缩疲劳的环节。
1033,易化扩散   老师，哪些药物是通过易化扩散转运的？
1034,Cl-流动方向    根据Nerst方程可以算出Cl-平衡电位为-89mV。若细胞处于超射状态下，此时Em=+30，而ECl-=-89，根据公式Em-ECl-得到值为+119，表示Cl-外流。但Cl-胞外浓度大于胞内，化学浓度梯度力向内，且超射状态下细胞膜外负内正，电梯度力向内，所以电化学梯度力向内，与之前推论不符。该怎么解释？
1035,关于胸外心脏按压的提问    老师您好，我是一名非专业医学院的普通本科生。想要学习并尽量掌握一些急救知识以便在危急时刻可以自救或帮助他人。
1036,什么叫一切心理现象都是反射  心理现象那么复杂，怎么能完全用反射解释
1037,记忆 老师，您好！在记忆解剖知识的时候有帮助记忆和理解的顺口溜之类的内容吗
1038,便秘将会对人体造成哪些危害？
1039,成对脏器和不成对脏器的动脉供应、静脉回流和淋巴引流有何差异？
1040,阴阳 什么叫阳不入阴？临床应该如何治疗
1041,女性生殖系统的自然防御机制  1. 两侧大阴唇自然合拢，遮掩阴道口、尿道口。2. 由于盆底肌的作用，阴道口闭合，阴道前、后壁紧贴，可以防止外界的污染。经  产妇的阴道松弛，这种防御功能较差。3. 阴道具有自净作用。4. 宫颈阴道部表面覆盖以复层鳞状上皮，具有较强的抗感染能力。5. 子宫颈内膜所分泌的粘液形成“粘液栓”，堵塞子宫颈管，且宫颈内口平时紧闭，有利于防止病原体侵入。6. 育龄妇女子宫内膜周期性剥脱，可及时消除宫腔内的感染。7. 输卵管粘膜上皮细胞的纤毛向子宫腔方向摆动以及输卵管的蠕动，均有利于阻止病原体的侵入。
1042,关于子宫主韧带    老师请问子宫主韧带里是走形有子宫动脉吗？
1043,老师，请问精子是怎么产生和排出的？
1044,那为啥液体挤压不能回复形状，蛋白质挤压就能回复形状哈？是因为蛋白质有弹性吗?
1045,亚基 老师，请问为什么说每个亚基都有各自的三级结构？亚基是指什么？
1046,脑卒中发生的危险因素包括哪些？
1047,关于四肢远侧和近侧  近侧与远侧是以什么为标准参考？视频中未仔细提过
1048,ST段和非ST段   ST段指的是那一段？
1049,请问老师如何取得针灸医生的资质？
1050,为什么一侧视束损伤是同侧鼻侧视野和对侧颞侧
1051,老师您好，我想了解一下军团菌
1052,肾结石    男，25岁，打篮球过程中突然出现剧烈腹疼，疼痛向大腿根部放射。经检查诊断为肾盂结石，疼痛是由于结石脱落排出时嵌顿于输尿管引起。请问，该病人肾盂结石脱落排出体外过程中会嵌钝于哪些部位？
1053,如何得知另一方的健康信息   听老师讲解的信息，双方无论在何时都有可能得病，那么在做之前或是之后，或是出去买，怎样最大的降低可能发生的风险？
1054,艾灸贴    市场上的艾灸贴也是灸的原理吗？
1055,单元测试第7题疑问  老师您好！课堂上不是说辩证施护是中医护理的精髓所在吗？为什么单元测试里面要选X不是 呢？
1056,关于大隐静脉结扎   结扎的时候为什么要连属支一起结扎啊
1057,有关中药煎煮的感受  我是上了中医药大学才感知中药的魅力和功效，但是，生活中若是感冒了，我的亲戚朋友们第一反应是看西医，而几乎没有人想到去看一下中医。我觉得在我们的潜意识里更偏向西医。我自己上过中药煎煮实验课，我才知道，煎中药这么复杂，而且中药真的好苦，好苦，好苦。当下人们的生活节奏都比较快，所以中药煎煮的复杂性 可能也是，中医药发展路上的一个阻碍。我相信在日后的发展中，一定会有更好的办法来解决这个阻碍。
1058,请问老师扁骨和阔骨是同一种骨的形态称谓吗？  老师您好，今天我在上人体结构课的时候，教课老师强调了扁骨叫阔骨，但是书上没有说明而且我没有查到相关资料，请问“阔骨”这种说法是不是业内俗称，这种说法正确吗？
1059,瓦伯格效应  为什么CO2的分解减少，可以为肿瘤快速生长积累大量的生物合成原料呢？
1060,宫内节育器  节育器是一种放置在子宫腔内的避孕装置，由于初期使用的装置多是环状的，通常叫节育环。宫内节育器的种类很多，国内常用的有金属单环、麻花环、混合环、节育环、T形环等，但以金属单环为最多。 宫内节育器又叫避孕环，是放置在子宫腔内的避孕装置，通常以不锈钢、塑料、硅橡胶等材料制成，不带药的节育器称惰性宫内节育器，如宫内节育器加上孕激素或铜，可提高避孕效果，称之为带药或活性宫内节育器，是目前推崇的节育器械种类。 节育环对全身干扰较少，作用于局部，取出后不影响生育，具有安全、有效、可逆、简便、经济等优点，是最常用的节育用具之一。采用宫内节育环避孕者在我国占40%以上，有效率约为90%。 “上环”是中国育龄期妇女最常选用的长效避孕措施，往往一个环在体内放置的时间可达十余年。
1061,CO2和肿瘤的生物合成原料有什么关系呢？
1062,请问胸骨角是胸骨柄的下缘吗？怎么看着胸骨角并不怎么明显？
1063,老师 请问治疗要在经期内还是经期后  痛经腧穴诊察治疗 ，是要在经期痛的时候，还是经期不痛的时候，还是经期过后
1064,个人愚解：每味药材都有归经属性，不同药材归入不同的经络，是药材的属性激发经络而达到刺激脏腑去用功的！
1065,感冒最简单的方法是什么？
1066,关于肺的宣发卫气   老师好！ 今天学了肺的宣发卫气功能，想到自己平时吃辣的食物或喝一点酒就会满头大汗。请问老师这是不是就是卫气不足呢？这种情况该如何调理？谢谢老师！
1067,降气 老师：肝气不降怎么选穴呢？心气不将怎么选穴呢？五脏与六腑将气选穴不同吧？
1068,负反馈调节的波动是指？
1069,左睾丸静脉为什么不属于下腔静脉的属支？
1070,为什么细胞外低钾，静息电位值仍表现为减小？
1071,钠钾泵是如何泵出三个钠离子两个钾离子的
1072,分析乳腺癌手术治疗方案的解剖学基础
1073,截肢后的疼痛 我们在临床上会遇到下肢肿瘤的患者在手术截去下肢3个月后仍会诉说，其下肢有剧烈的疼痛，这是怎么回事？
1074,原发性高血压 如何进行康复
1075,老师请问一下 心脏传导系统中，容易产生房室传导阻滞的部位是A 窦房结      B 房室束     C 房室交界     D 浦肯野纤维      E 心室肌
1076,养生季节   老师，都说春夏秋冬是以农历来区分，那么极寒的东北和极热的海南也是按农历区分来养生吗？谢谢
1077,阴阳失调和阴阳失交区别    阴阳失调和阴阳失交区别
1078,胃胀、睡眠不好    孙老师，您好，我最近2个月总是胃胀，饮食吃的少，晚上天天都做梦，睡不好，导致隔天没精神总打瞌睡，可能我思虑过多，半个月前有服用逍遥丸，胃胀有所缓解，但睡眠还是不好，我该怎么调理？逍遥丸服用完一瓶，我还要继续服用吗？
1079,抗心绞痛药通过哪三个环节发挥疗效
1080,空肠和回肠  空肠和回肠位置是不是有问题啊
1081,把脉中，孕妇的脉搏跳动位置和怀孕时间长短有没有关系？ 孕妇的脉搏在把脉时 有哪些症状？例如孕周  胎儿位置，健康   等等的判断？把脉过程中应该注意哪些？
1082,"关于受体分布于平滑肌 请问在血管平滑肌中，对于胆碱受体的分布的是M2还是M3？因为书上为血管平滑肌为M2,而M3有分布在平滑肌，并且与我接触到的知识有矛盾，所以想知道。"
1083,经期时间长是不是卵巢有问题  每次经期都7天。
1084,脉诊 我学习《黄帝内经》的时候，曾经给朋友号脉过，冬天的脉和春天的脉是不一样的。我是真的感觉到了的。
1085,β氧化    多长的脂肪酸可以发生β氧化，就是多长的脂肪酸脱氢后生成的NADH和FADH2会发生氧化磷酸化而不是生成过氧化物H2O2?
1086,请问精子产生和排出的途径是什么
1087,药物产生副作用的原因是指
1088,关于毛细血管 根据《人体解剖学》（科学出版社 第四版），毛细血管是是血液与血管外组织液之间进行物质交换和气体交换的场所，那么第三题中所说是血液与组织间进行物质与气体交换的场所，是否错误？
1089,房颤 老师您好，我想请问房颤是心室率达到150次/分，出现脉搏短绌，心率和脉率不一致，那么这里的心率等于心室率么？
1090,兼具中枢抑制作用的降压药   为什么B-受体阻断药不选呢，MOOC里面提到了它的中枢抑制作用啊
1091,心前区一个指甲大小的区域疼痛是什么原因呢？  请问老师，如果心前区一个指甲大小的区域疼痛和心绞痛无关，那么出现指甲大小的区域疼痛的原因会是什么呢？是否为某些疾病的征兆呢？谢谢老师！
1092,关于消食药的选择   山楂善消肉食，麦芽善消淀粉类食物，莱菔子善行气消积，神曲善消食积兼有表证
1093,请问老师针剌麻醉常用的穴位有哪些？
1094,肾窦 肾窦是什么？里面都有什么结构？
1095,分级护理在护理管理领域有什么用途？
1096,古人采用《伤寒杂病论》里最常用的中医护理辩证施护方法是什么？     看了论《伤寒杂病论》中的护理技术，非常敬佩古人在一千多年前就总结出了灸法、坐药法、熏洗法、敷药法等13项护理技术，特别想知道在古时生活水平不算高的条件下，什么样的医护方法最常用？会不会是针灸？
1097,分析尿道各节段破裂时尿液外渗的情况  在熟悉男、女性尿道行程以及与会阴深、浅间隙的基础上，分析尿道不同节段破裂时尿液外渗的情况。
1098,为何腰椎间盘脱出可以产生坐骨神经痛？ 坐骨神经来自盆腔内的骶丛，为何腰部的椎间盘脱出可以产生坐骨神经痛？
1099,讨论题    1. 具有生津止渴作用的水果有哪些？2. 具有补脾作用的水果有哪些？
1100,大鱼际    从列缺出发到大鱼际的络脉的地方热到要皮焦了。怎么办？怎样把热去掉？
1101,消化性溃疡  消化性溃疡的临床表现有那些
1102,工具药    工具药是什么意思，常作为工具药使用是什么意思，想了解一下，谢谢
1103,"什么是HPO轴    下丘脑——垂体——卵巢轴（hypotha lamicpituitary-ovarianaxis, HPOA）是一个完整而协调的神经内分泌系统，它的每个环节均有其独特的神经内分泌功能，并且互相调节、互相影响，它的主要生理功能控制女性发育、正常月经和性功能，因此又称性腺轴。此外,它还参与机体内环境和物质代谢的调节。"
1104,细胞膜的构成 疏水区和亲油区是一样的吗？
1105,禁忌症的症错了 不是证
1106,安全期问题  女性怎么简单计算自己的安全期?
1107,疏水键和盐键 疏水键和盐键是什么
1108,关于桑白皮和葶苈子  王老师:我认为桑白皮和葶苈子在功效上是有区别的。桑白皮甘，寒。归肺经。而葶苈子苦，辛，大寒。归肺，膀胱经。根据“药性，归经决定功效，功效可以反推药性归经”。可见他们的功效是有不同的。在单元测试题中，认为他们的功效相同，对吗？
1109,冠心病病人在生活方式方面应该如何调整？
1110,尿素循环   第九版教材中尿素循环从髓降细回去，第8版教材从髓升细回去。哪种说法正确？特请教老师，谢谢！
1111,手卫生依从性 尽管医护人员的手已被认为是间接接触传播的重要媒介，然而临床上医护人员手卫生的依从性却仍然很低，你考虑导致医护人员手卫生依从性低的可能因素有哪些？
1112,老师 您好，请问深刺会不会将针扎在内脏上以及（见详情）    老师 请问:1.深刺中脘丶天枢穴的时候，会不会因为过深 将针扎在肝、胃、回肠等内脏器官上？如果会的话内脏就会损伤一个小洞 会有影响吗？2.中脘进针时，有一种气相互顶着的感觉，没办法像扎四肢一样轻松舒畅的进针，是由于操作人紧张还是患者紧张，还是操作手法不当怎么样才能学习实际操作呢
1113,日常生活中可以服用阿司匹林预防肿瘤等疾病吗？
1114,云门和中府定位    老师教材中说云门和中府都在前正中线旁开6寸，可从图中看这两个穴位并不是与前正中线等距
1115,前臂后群肌肉的标题有个失误  前臂后群深层写成的了前臂后群浅层
1116,寒邪 老师：寒邪变热证是寒郁化火么？就是寒证太久，变成热证了。对么？
1117,治疗丹毒有什么比较好的方
1118,经络目前的GPS等理论的探讨 经络传感为什么是线性的？经络体表为什么主要是6条分布？我感觉目前咱还是继承数千年的一个经验积累结果，原理还只能停留在类比，假设，推理，验证如此反复的路途上。我现在感触医学啊，特别是西医，因为发展史短，年年都有可能有新的研究出现，来推翻之前根深蒂固的指导理论，有点打脸的感觉哈，但是，作为医学生，也就是在这种继承，研究，发现的道路上越走越远吧。在这种路上，小医生才会成为大教授的那一天！一点小感触！
1119,关于km 第三章酶  km相关的计算题不会做这个重要吗
1120,老师，膝盖一直偶有疼痛，肿痛该怎么办？    今年元旦冬天在北京旅游，腿可能受冷了，右膝盖难以伸屈，上下楼梯都痛，看了医生也不要我拍片，说就是膝盖内的筋骨有点发炎，吃了一个月西药和中成药调理，平时不痛了，但如果那天在外走了一万多步，有时膝盖又开始疼痛了，不能上下楼。平时也偶尔感觉膝盖内侧隐隐约约的痛或者胀痛，去看医生也是给我开膏药贴，这个状况已经持续五个月了。
1121,肩胛骨上角可以在体表触及吗  课本只提到肩胛骨下角可被触及，但测验中说明上角可被触及。所以上角可在体表触及吗
1122,矢状面    正中矢状面把人体分为对称的两部分为什么是错的？
1123,大腿前、内侧群肌的神经支配及神经的寻找。   大腿前群肌和内侧群肌受哪些神经支配？这些神经的主干位于何处？解剖过程中如何寻找？
1124,针刺伤处理  某实习护生，在打开无菌注射器包装时，不慎被针头扎伤手指，出了一滴血后自行止血。因为注射器未使用，所以她未予理睬，像往常一样继续工作。这种处理对吗？为什么？
1125,心电图    血钾升高为什么会导致T波高尖？？？
1126,老师你好！请问一下针灸可以治疗斜视吗？
1127,肋骨与脊椎  老师好，请问第一肋骨肋头和第一胸椎的什么肋凹连接的？第12肋骨的肋头和第12胸椎什么凹连的？谢谢
1128,失眠 失眠抑郁时吃什么中草药好呢？
1129,避孕药服用对身体还是伤害很大，安环感染性挺大？……
1130,第三题    患者因素：长期以来患者对医生的依从助长了医生的不合理用药；有些长期慢性病的患者盲目自行服药，擅自缩短或延长用药时间；随意购买非处方药可能导致不合理用药的发生；药品广告不规范，对消费者造成误导。
1131,安全范围   老师您好，我想请问安全范围这个概念有特定的定义么？“安全范围是指药物的最小有效量与最小中毒量之间的范围，也可以是指95％有效量与5％中毒量间范围，还能是指ED50与LD50之间的距离”，这句话中的三个解释都是对的么？
1132,经常觉得经血下不来  仿佛滞留在阴道里的感觉
1133,去性取用   去性取用是什么意思？有哪些中药是去性取用的呢？
1134,体格检查   单侧眼球下陷常见于什么病
1135,经络 胸腹前的三侧线，分别是哪三条经脉经过？分别距正中线多少寸？
1136,分娩方式应该如何选择？     顺产、剖宫产分别应该在什么情况下选择？
1137,系统 老师，为什么是九个系统？还有一个免疫系统呢？
1138,腱滑膜鞘和滑膜囊   老师，想问一下这两个的位置关系，哪个在内，哪个在外？谢谢
1139,关于为手术区域消毒的疑惑   老师你好，在为患者手术区域消毒时医生不需要穿上无菌手术衣吗，在铺上无菌巾和中单时可以不带手套直接接过铺盖吗？
1140,心经起始穴位怎么在腋窝？   手少阴心经起于心中，怎么开始的穴位极泉穴却在腋窝呢？
1141,文档第七页  齿凸凹？与齿突凹？
1142,对掌运动   练习题说的对掌运动是指拇指向掌心，拇指尖与其余四指尖掌侧面相接触的运动。可以进行握持，那像大猩猩的握持不算是对掌运动吗？
1143,穴位 尺泽穴的特殊作业有哪些？三阴交的特殊作用有哪些？
1144,关于洋地黄引起的   老师，想请问一下这个题目不选利多卡因要选苯妥英钠的原因是什么？
1145,肝脏调节气机及情志  肝阳上亢，肝火上炎，肝气上逆的临床表现感觉很相似，这三者如何鉴别？
1146,心火上炎针灸原则   针灸泻心经之火，选本经子穴神门外，还加用脾经的太白还是胃经的足三里呀？按表里经选择选小肠经小海对吗？合主逆气而泻，选少海可以不？按原络配穴话，选原穴神门，络穴通里还是其它经的络穴如小肠的络穴支正胃经的丰隆？还是脾经的公孙？俞募治疗的，选心俞，巨阙还是心包经的厥阴俞，膻中？
1147,喉中痰鸣 为何不属于症状呢  老师，这一题中A选项干扰性比较大，个人觉得这也属于个人可以感受到的不适，为何不属于症状呢？谢谢
1148,动作电位之间的传播  锋电位的最大频率受限于绝对不应期的长短，因为在绝对不应期不会发生动作电位，那么就不会有锋电位的出现，是因为动作电位有脉冲式这个特点，所以锋电位才会有最大频率吗？
1149,请问车祸重型颅脑的患者可以进行心肺复苏吗
1150,对掌运动   猩猩不是也可以用手抓取食物吗，不能视为在做对掌运动吗
1151,肱骨 老师您好，我想问一下PPT里的桡神经沟和尺神经沟都有虚线和实线，它们代表的有什么不同吗？麻烦老师了！
1152,骨度分寸法  两锁骨之间是多少寸？6寸？
1153,为什么相兼脉比单因素的脉象更常见？  请根据脉诊的学习内容，简要阐述，为什么相兼脉比单因素的脉象更常见？（请点击“回复”，回答本题可以获得讨论分。注意：点击“向老师提问”是没有讨论分的哟）
1154,中药含有的有毒化学成分可否降低消除?/中药配伍    止咳平喘药中的苦杏仁含有苦杏仁苷抑制呼吸中枢，镇静平喘，是从现代生物化学的角度得出的结论，然而中药苦杏仁是以降气的人体功能反应来体现的，其降气平喘之力，完全建立在苦杏仁苷吗?尽管对毒性来源有了认识依据，但感觉以此联系中药功用却又不尽合理！——那么为了控制苦杏仁苷的抑制度，是否在苦杏仁用量大时，配些西药来调控?或中药来调控，一些宣肺药，麻黄、桔梗，以宣发制约沉降，可否有助于抑制苦杏仁的毒性?——另外，白果这味药感觉也特别好，苦涩、甘平，趋向沉降归肺、肾经，敛肺定喘，止带缩尿，似五味子，还具备燥固下焦之力，可惜有毒，限制了它的运用！
1155,农药中毒都用碱化尿液的方法吗？    农药大多是酸性的，但有些是碱性的，都用碱化尿液的方法加速毒物排出吗？
1156,心脏术后疑问？    请问老师，我术前诊断室缺(膜周-嵴下)，右室双腔心，心电图显示不完全性右术支传导阻滞。请问为什么会传导阻滞啊？
1157,指导患者预防消化性溃疡的复发 请试着讨论如何指导患者预防消化性溃疡的复发
1158,肱骨外科颈或肱骨中1/3骨折 肱骨外科颈或肱骨中1/3骨折时可能损伤哪些血管和神经？会出现哪些临床症状？
1159,多少浓度的葡萄糖溶液是等渗/等张溶液 多少浓度的葡萄糖是等渗溶液，还是等张溶液
1160,阴阳 什么是阴中求阳？阳中求阴？
1161,阿托品过量中毒和有机磷酸脂类中毒的区别    是肌震颤吗？老师
1162,井穴 老师：井主心下满是指什么？是肝么？是胃么？十二井都是主心下满么？都指肝还是指胃？
1163,为什么镫骨肌会解除鼓膜的紧张状态啊？
1164,分子医学专题 老师您好   什么时候开始讲分子医学专题？
1165,为何内囊位于背侧丘脑与尾状核、豆状核之间的答案是错的？    根据杨茂有，正常人体解剖学，人民卫生出版社，2013，第227页，内囊是位于背侧丘脑与尾状核、豆状核之间上下行纤维密集而成的白质区。
1166,请辨析呼吸链和电子传递链的关系。
1167,取穴定位的（寸）   取穴定位的寸，一寸，三寸等，是跟数学上的一寸等于3.333厘米的长度一样的么？
1168,DNA的反向平行如何理解？  老师您好，为什么DNA的两条链一定要反向平行呢？双链同向有哪些问题呢？
1169,关于等渗溶液 老师， 你好 我想问下什么叫等渗溶液
1170,阈刺激和阈上刺激对生物体的影响    用阈刺激和阈上刺激分别去刺激单根神经纤维与神经干时，电变化会有什么不同?
1171,第八周 第一题    家庭药箱中应该准备哪些药物：首先，要有一把镊子，手上扎了个刺、伤口里有沙子等，用尖头镊子比用针效果要好。 其次，要有不同规格的消毒纱布和橡皮膏。 第三，是止痛药。由于疼痛的部位和性质不同，不妨准备两三种不同的止痛药，好对症下药。比如：治肚痛的药有阿托品、吗丁啉；一般疼痛，台关节痛、头、外 伤痛可用阿司匹林、索密痛、芬必得等。 第四，常备一些普通的抗酸药，有的时候吃东西以后胃不舒服，可以试着吃上一两片可以中和胃酸的药。比如：盐酸雷尼替丁等。 第五，手头应当有能够治疗轻度泻肚子的药。比如：黄连素、氧福沙星等。 第六，以樟脑、薄荷为主要成分的外用软膏用处很多，不论是蚊虫叮咬，还是皮肤起疹子，搽这类膏都有帮助。但如果皮肤破了，一般就不要用它。 第七，可以常备一些感冒药物和止咳药，用于治疗一些不严重的感冒、咳嗽症状。第八，氯毒素眼药水还是应常备，游泳后，眼睛痒时滴上几滴，即刻解除除症状。但眼药水应就在低温下，最好放在冰箱门的盒里。除此以，家庭小药箱里的体温表也是必不可少的。
1172,讨论题    1.试述风寒感冒、风热感冒有哪些区别？2.感冒患者在运用中药汤剂时，在煎法、服法、药后观察等方面应注意什么？
1173,如何理解“不通则痛，不荣则痛”？   如何理解疼痛的机理“不通则痛，不荣则痛”？（请点击“回复”，回答本题可以获得讨论分。注意：点击“向老师提问”是没有讨论分的哟）
1174,失眠，便秘  老师你好，我想问下。我自己晚上失眠，白天午睡又睡的还可以。晚上睡觉睡一下醒一下的，睡觉的时候还容易口渴。还特别容易想小便。大便不正常，又容易便秘。麻烦老师帮我看下是什么原因，还有要怎样解决
1175,针灸自学可行吗？   孙老师您 好：针灸这类操作性强的技术通过自学的方式可行吗？还是一定要有老师带？
1176,经血下不来  老师好，请问如何判断子宫的前倾或后倾?
1177,皮肤黏膜出血？    皮肤黏膜出血是像皮肤破了有血流出来止不住和身上红了或紫了的那种没有血流出来的出血都算吗？是不是还要分内出血和外出血哈？
1178,脾切除时，要先切断哪些韧带，结扎哪些血管？
1179,关于屈伸问题 老师，还是不明白屈和伸究竟是怎么分辨的
1180,抽筋的疼痛类型    请教老师，抽筋时按压疼痛加剧因此属于实证，由于属于肌肉牵拉引起故归属于挚痛，分析得对吗？
1181,从胸部左侧入路进行食管手术应在何处进行？需要经过哪些结构？
1182,危重患者的重点观察内容有哪些
1183,腹股沟疝发病原因   年龄为5~8的小孩子（女），也出现了腹股沟疝症状，其发病原因会不会是因为剧烈运动，造成腹前外侧壁破裂形成的?
1184,请教老师   老师您好，请问怎么从中医的角度来调理糖尿病呢？谢谢
1185,我请教老师：（1）我查看到的6条经脉上的6个募穴对吗？（2）其余6条经脉——在胃经、心经、小肠经、膀胱经、心包经、三焦经，从书上查找不到它们的募穴，这6条经脉上的募穴是哪些穴位？请老师给予明确指导，谢谢。
1186,关于镰状韧带与肝圆韧带的疑问 老师请问镰状韧带与肝圆韧带是否相连？若相连，如何判断镰状韧带是由腹膜形成的？若不相连，请说明二者的位置关系。谢谢老师
1187,不宜于病人休息与康复的环境是
1188,限速步骤   因为磷酸化是无氧氧化中速度最慢的反应步骤，所以无氧氧化中有几个磷酸化反应，就有几个限速步骤吗？
1189,选择第一题  第一题：一、根据家庭人员的组成和健康状况。如有老人和小孩，要特别注意准备他们用的药。家有高血压病人、结核病人、冠心病病人、癫痫病人等，治疗这些病的药物应常备不断；家庭药箱严禁混入家庭成员过敏的药物。  二、选择副作用较小的老药。老药毒副作用已得到充分暴露，一般说明书上都有明确说明，容易发现和预防。新药由于使用时间短，可能会出现一些意想不到的反应，不适于家庭备用。  三、选择疗效稳定、用法简单的药物。尽量选择口服药、外用药，少选或不选注射药物。  四、选择常见病、多发病用药。五、常用的外敷药物：红药水、创可贴、双氧水、碘酒、纱布、云南白药、口罩、红霉素眼药膏、眼药水、口腔溃疡喷剂、跌打损伤喷雾剂、烫伤膏、可的松之类的止痒膏。常用的 内服药物：治拉肚子的思密达、黄连素，普通感冒药的扑热息痛、感康、板蓝根冲剂、消炎的阿奇、头孢。胃药，斯达舒、消食片之类的，家里有老人必备血压药、速效救心丸，有小孩必备退烧的布洛芬，其他方面最好尊医嘱。
1190,磷酸化偶联  有氧氧化第5步，琥珀酰CoA水解生成琥珀酸的同时，与核苷二磷酸的磷酸化偶联，生成高能磷酸键。问题：高能硫酯键如何与核苷二磷酸发生磷酸化偶联呢？
1191,骨盆骨折最容易损伤什么肌腱
1192,请教凝血因子5的合成部位   在人民卫生出版社6.7.8.9版教材中明确写明凝血因子五在肝外合成。在内科学教材，生理学12345版，其他出版社的生理学课本中明确写有凝血因子五在肝脏合成。特请教老师，谢谢！
1193,神经冲动的产生和传导 神经纤维上动作电位可双向传导，为何在体神经元上发生动作电位大多数是由胞体传向轴突末端？胞体和树突部分能产生动作电位吗？
1194,哪些人群容易发生便秘？为什么？
1195,毛果芸香碱治疗虹膜炎时需要注意什么？ 毛果芸香碱治疗虹膜炎时需要注意什么？
1196,颅骨模型   请问老师在哪里可以买到您视频中的颅骨模型
1197,膈肌 胸式呼吸里包括膈肌吗？
1198,第三个案例的困惑   针对第三个问题请问老师，这个案例在无数复杂的五行病变中，您选择肝（木）作为根源，请问是为什么呢？为什么不选心火，肾水作为根源分析呢？
1199,半月板损伤  运动员膝关节受伤时常发生半月板损伤。半月板在膝关节动中的作用如何？在膝关节活动时如何运动？什么情况下容易受到损伤？
1200,甲硫氨酸的所属    在视频中，老师讲的是属于极性中性氨基酸，而第九版课本上是非极性脂肪族氨基酸，哪个才是正确的？
1201,包皮长了切还是不切？ 看完视频，现在到处都是男性广告的视频，还有的组团去切，还有切一根送一根的……那么，对于包皮过长的问题，到底是切还是不切？
1202,为什么脱氢在有氧阶段表示有能量的生成呢？
1203,你是如何理解中国人正常面色的？    请问你是如何理解中国人正常面色的？（请点击“回复”，回答本题可以获得讨论分。注意：点击“向老师提问”是没有讨论分的哟）
1204,老师能说一下五脏相克相益的内容吗？  老师能说一下五脏相克相益的内容吗？五味、五脏之间的关系是怎样的？
1205,下列腧穴主治不正确的是A.殷门穴治疗痔疮 B.长强穴治疗癫狂痫 C.太溪穴治疗阳痿 D.支沟穴治疗便秘正确答案：D你错选为A
1206,为什么腹股沟区是腹疝的好发部位？
1207,证和症状的区别    老师，您好！我一直一来对症状和证这两个名词老是有些分不清！
1208,药王孙思邈的千金方之前有男科专论吗  老师，药王孙思邈的千金方之前有男科专论吗？
1209,活动性出血或再出血怎么判断？
1210,头疼 老师：头疼扎足临泣，头临泣和率谷三个穴位就可以了吧？
1211,"五华中的爪怎么看棱？ 百度：如果人的身体有些问题,指甲上就会有竖的棱,竖的棱就是肝胆这些脏器出问题的表现;如果出现横的棱,就说明身体的问题在一点点得到改善,因为横的棱会一点点地长出去。"
1212,阿胶珠的使用 感谢老师，百忙之中给我回复。我们自己用阿胶丁炒蒲黄，筛去蒲黄做蒲黄炭，囗尝阿胶珠口感也挺好，我叫病人在服用中药液时直接吃几颗阿胶珠，老师你认为这样对吗?谢谢!
1213,第三题    正中矢状面不是说是将人体分为左右对称的两半吗？
1214,老师脉管系统和循环系统一样吧。
1215,1.对于讲到的饮食这一块，番薯类全部都可以吃吗？2.课程提到的传统治疗方法喝油法，是什么程度的患者采用呢？还是说感觉自己有便秘的患者都可以采用？另外自己操作这个方法的时候需要注意哪些事项呢？有无什么风险咧？
1216,为什么女性也可能得腹股沟疝
1217,预防脑卒中的合理的生活方式主要包括哪些?
1218,眼睛 老师，眼睛下眼皮出现白色的小疙瘩是什么？
1219,药茶 药茶对于任何年龄段都适合吗
1220,当患者不愿遵从治疗饮食而坚持自己不良饮食习惯时，你如何处理？
1221,眶上裂的上面应该是蝶骨大翼，老师是口误了吧
1222,如何合理用药 不合理用药有哪些后果？如何避免？
1223,针灸可以治疗肥胖吗，我妹妹胖而且特别能睡上课考试的时候经常睡
1224,骨髓和骨髓移植    骨髓移植，即造血干细胞移植，是治疗白血病的最终选择，是把取自供体骨髓内的正常造血干细胞作为“种子”“种植”到病人体内，重建病人正常造血功能的治疗手段。你认为身体内部哪些部位的骨髓可以作为“种子”？除了骨髓，哪些地方还有这些能造血的“种子”？
1225,促进患者散热的措施有哪些？
1226,想知道已知血型鉴定未知血型的具体过程
1227,请问老师   白带很稀，像水一样，是怎么一回事呢？
1228,课堂讨论——案例（五）     患者，男，52岁，心悸1年加重4天。近1年来常感心悸，多在劳累、情绪波动时或睡前明显，无胸闷、憋喘，无胸痛，无恶心、呕吐，无头痛、头晕，持续几分钟到1～2小时可好转。4天前上述症状加重，持续一整天，影响睡眠，曾就诊于当地医院，行心电图示：室性期前收缩，二联律。为进一步诊治收入院。既往有高血压病史3年。体格检查：T 36.7℃ P89次/分 R22次/分 Bp165/89mmHg，神志清，全身皮肤黏膜无黄染、皮疹及出血点，口唇无紫绀，咽部无充血，扁桃体无肿大。双肺未闻及明显干湿啰音。心前区无隆起，未触及震颤，心界不大，心率89次/分，律不齐，可闻及期前收缩，心音低钝，各瓣膜听诊区未闻及病理性杂音。腹部无明显压痛、反跳痛，肝脾肋下未及，双下肢无水肿。双侧巴氏征、脑膜刺激征阴性。心电图：室性期前收缩，二联律。【思考题】根据以上资料，该患者的诊断及诊断依据是什么？
1229,气管颈段的毗邻关系和气管切开术的注意事项及其临床意义
1230,应该是桡侧腕屈肌腱之间
1231,琥珀胆碱   老师您好，为什么琥珀胆碱能持续激动MM受体呢，突触间隙没有针对琥珀胆碱的酶吗？
1232,老师可以解释一下为什么开车内空调时要打开一定的窗户通风换气吗
1233,筋疙瘩    经筋的萎缩是不是指筋疙瘩？
1234,针灸治病   挺喜欢给父母用刮痧的方法 来治疗疼痛的
1235,老师，肺结核可以怎么预防
1236,阳虚和阴盛和差异   在实际生活中，阳虚和阴盛、阴虚的阳盛如何能通过症状来快速区分？
1237,第三题    第三题：合理用药常会导致不良后果，这些后果可以是单方面的，也可是综合性的；可以是轻微的，也可以危及生命。大体可归纳为以下几种：1.浪费医药资源  2.延误疾病的治疗3.引发药物不良反应及药源性疾病 4.造成医疗事故和医疗纠纷 不合理用药常常会造成医疗事故，或称为药疗事故。
1238,钠钾泵    驱出3个钠，摄回2个钾，膜内外电荷不平衡了，会不会有氢离子的运输？
1239,药物在体内的代谢过程？
1240,阿司匹林   我奶奶快七十了，因身体原因需要长期服用阿司匹林肠溶片，后来发现脚指头在夜晚时有疼痛现象，而且时间挺长了，想问一下是不是可能患了痛风
1241,课堂讨论——案例（二）    采集病史练习：  你是一名临床医疗系的医学生，现在正在学习临床诊断学。现有一名40岁女性病人，因发热、咽痛3天来诊。生命体征：体温39℃，脉搏105次/分，呼吸25次/分，血压100/60mmHg。要求：  请你用20分钟时间采集病史，然后对该病人的现病史进行归纳小结。
1242,讨论题    1.江苏省中医进修学校为中医教育的发展做出了哪些贡献？2.简述现代中医护理教育的概况。
1243,肋弓 请老师具体讲一下肋弓，这里比较模糊
1244,穴位在筋上？ 12经络在12经筋上，那在12经络上的穴位是不是也是在经筋上，也就是说穴位在我们俗称的筋上？
1245,标注预防依从性低的原因分析      生物性职业损伤是护理职业伤害的重要方面，各位医护人员可能也都认识到了这个问题，那么，为什么很多研究显示：在工作中护理人员标准预防措施的依从性依然很低？
1246,老师请问一下 我在八年制生理上看到骨骼肌细胞属于兴奋-收缩偶联，而心肌细胞属于兴奋-收缩脱偶联，视频里讲的骨骼肌和心肌都是兴奋-收缩偶联，这是为什么？
1247,男性的尿道口时不时会有刺痛，请问老师这是什么原因导致的呀
1248,骶骨部分   请问老师骶骨底前缘向前突出的部分是什么？谢谢
1249,手太阴肺经我只能看前一半的穴位，后面的穴位视频找不到
1250,协同肌和拮抗肌    协同肌是对某一关节的运动起相同作用的肌，拮抗肌则起相反作用。完成引体向上动作后身体慢慢向下落时，肘关节做什么运动？哪些肌肉来控制这一运动？哪些属于协同肌？哪些属于拮抗肌？
1251,老师 请问治疗要在经期内还是经期后  痛经腧穴诊察治疗 ，是要在经期痛的时候，还是经期不痛的时候，还是经期过后
1252,中药学    在老师讲完大章节后，了解了药的共性，可是单独学习药个性，就容易记混。
1253,纤维蛋白溶解系统和抗凝系统是一回事吗？    纤维蛋白溶解系统和抗凝系统是一回事吗，纤维蛋白溶解系统不也抗凝吗？
1254,老师，不明白斜角肌和股直肌，在题上碰到斜角肌也是呼吸肌？是吗
1255,高钾对心脏的影响   当血浆中K+浓度逐渐增高时，心室浦肯野细胞的兴奋性、传导性和自律性分别发生什么样的改变？请分别简要说明机制。
1256,幽门螺杆菌可以通过中医治疗吗
1257,交叉上下选穴 老师：我看视频里您选的居髎穴与肩髎穴在同一侧啊？图里是交叉的，为啥啊？
1258,很多少白发的年轻人，都是因为肾的精血不足导致么，还是有遗传的
1259,中草药和西药都能降血压，混合着吃效果更好吗？
1260,中医内科-胃肠病-5 呃逆 7 泄泻（拉肚子） 8 便秘   5 呃逆 7 泄泻（拉肚子） 8 便秘
1261,中医内科-肾膀胱病-1 水肿 2 淋证（泌尿系感染）5 遗精 6 阳痿    1 水肿 2 淋证（泌尿系感染） 5 遗精 6 阳痿
1262,心包窦    主动脉上隐窝与胸腺的关系不明白，新包斜窦与食管的关系，以及相应的影像学表现
1263,下焦 孙老师，肝胆属于中焦还是下焦？从西医解剖角度来看，应该是在中焦，但中医好像不这么认为。
1264,机体为什么选择葡萄糖作为能量的直接供应者？  一分子脂肪酸彻底分解释放的能量远大于一分子葡萄糖彻底分解释放的能量，但机体为什么选择葡萄糖作为能量的直接供应者，而选择脂肪作为能量的储存者？
1265,隆椎的棘突和颈椎的其他棘突有什么区别
1266,你对针灸学怎么看？  本人认为针灸是国粹，既能治病，也能养生，我希望走进针灸并学习应用。
1267,穿过颅中窝的孔、裂  穿过颅中窝的孔、裂的血管和神经的解剖学意义、功能意义和临床意义。
1268,肺  关于肺部气管血管位置的区分
1269,中医内科-心脑病-4 中风 5 失眠 6 痴呆（阿兹海默 老年性痴呆）    4 中风（脑出血 脑缺血）5 失眠（健忘） 6 痴呆（阿兹海默 老年性痴呆）
1270,关于肺动脉扩张    为什么肺动脉关闭不全既可以引起肺动脉相对关闭不全又可以引起肺动脉相对狭窄呢？
1271,月经问问问  来一天月经就不来了是怎么回事？
1272,中风的最佳针灸时间是啥时候？一般要坚持多久能达到效果？
1273,病人腹部手术后的体位    病人腹部手术后，为什么医生会嘱咐病人多采取半卧位？
1274,"医师建议准备的其他药物，有些人患有发作性疾病,医师都会开.些预防性或是发作时需要紧急服用的药物，比如心肌缺氧使用的硝基甘油片、气喘时使用的支气管扩张剂等。"
1275,肋软骨    老师肋软骨是属于透明软骨吗？
1276,胃痛 老师：治胃痛用足三里和中脘之外可以加中枢么？
1277,第一题    常用的解热镇痛药有那些
1278,高血压伴心绞痛及哮喘患者出现肾功能不全时，下列最适合的治疗？ 老师，我想请教一下这一题： 卡托普利有刺激性干咳，理论上应该不适合用于伴有哮喘患者的高血压的，那么在这题里面，它适合的依据是什么呢？
1279,关于手腕深筋膜    老师请问腕掌侧韧带的范围是什么，还与不与手掌的深筋膜（比如骨间掌侧筋膜）延续？
1280,想系统了解亚健康的检测    在网上搜了下’ 除了中医医生的传统望闻问切，目前也有很多检测技术和仪器，不过有些说有些检测仪器是假的，想得到专业的求证
1281,亚硝酸反应  老师，我想问一下能发生亚硝酸反应的氨基酸有那些，以及为什么呢？
1282,讨论题    请谈一谈持续性手法的动作要求。
1283,咽干 孙老师:您好！我今年54岁，女，住新疆。从二月初开始，嗓子干，有时感觉自己的咽喉部像是裂口了一样，但不痛，不咳嗽，无痰，呼吸也正常，身体的其他方面也没有不适，都正常，我也一直没有吃任何药。上星期到我们这医院做了（肺部）胸部CT检查，结果是左肺下叶后基底段可见纤维索条影，其它未见异常，后来又做了支气管哮喘检查，过敏检查，都正常。   想请教孙老师，我这咽喉干，怎么办呢？谢谢！
1284,肝胃不和   1.我情绪不好时，就容易胃胀气吃不下饭，而且频繁拉肚子，这是要疏肝和胃健脾吗？疏肝和胃健脾的食物都有哪些？2.来例假当天或前一天容易拉肚子，喝温水或冷水也容易拉肚子，紧张时也会拉肚子，这是脾虚弱吗？3.来例假时腰酸小腹轻微坠胀，这跟肾有关吗？4.左右脸蛋总是同一个地方频繁长痘痘，下巴左右两边也是频繁长痘痘，这是跟肝肺脾胃不和有关吗？5.紧张时手心容易出汗，有时坐公交握着栏杆也会多汗，天气热时手心也容易出汗，这是体内热火旺盛吗？6.冬天和在空调房下，手都特别冰凉，上厕所洗手后，手也总是比同学的冰凉，这是什么证呢？
1285,在基层，人们一般看不到针灸医生，这是为什么？
1286,去甲肾上腺素 去甲肾上腺素的合成，储存，释放这节课内容有些难记 怎样才能记住
1287,许莫氏结节  医生诊断腰2椎体许莫氏结节已形成，有可能发展为强制性脊柱炎，请问这是怎么造成的呢，严重吗？
1288,太阳穴    你知道太阳穴的位置吗？为什么这个部位不能受打击？
1289,在书中说是，大部分器官位于胸腔，腹腔，盆腔内，为什么，A对？
1290,艾灸 老师：刮痧以后，对出痧多的地方进行艾灸行吗？
1291,发散风热药  具有清利头目功效的药物算是能“明目”吗？
1292,怎样进行糖尿病的综合治疗？  答：一，糖尿病教育与管理。二，饮食控制。三，运动治疗。四，药物治疗。五，糖尿病监测。
1293,第八章第一题 第一题　家庭药品箱中应该准备的药品有:消毒药水、生理盐水、含抗生素成分的消炎药膏、感冒用药、单方药物、复方药物、感冒糖浆、肠胃用药、皮肤用药等
1294,老师同学们：请教一个问题！  症状：老人家（58岁，女，有血脂高）身体比较虚，头容易晕，失眠、容易紧张、脚无力，上楼梯骨痛，关键吃补品容易上火，冬天怕冷，夏天不怕热。希望老师同学们帮忙如何调理身体，十分感谢！
1295,腕前区深筋膜浅层增厚构成屈肌支持带  这个选项是错在哪里呢？是没有增厚吗？
1296,试比较三叉神经和面神经的纤维成分和分布范围。
1297,酶的调节分为酶含量的调节和酶活性的调节    请谈谈你对酶的调节与代谢的关系的理解。
1298,乳腺癌根治术要防止损伤哪些神经？如果损伤后将后有什么后果？
1299,哪些危险因素与冠心病的发生有关？
1300,能否申请补提交单元测验    刚才听了一章节，老师讲的太好了，清晰明了，只是才开始学习，做单元测验时发现好多已经过了提交截止日期，请问老师还有没有办法重新提交呢，希望能追赶一下进度最终拿到证书
1301,单手打结   老师你好，单手打结两个步骤相反打的结算不算正确的
1302,关于眩晕的问题    男83岁，近半年来除了平躺时和外出遛弯的情况外时常感到眩晕得厉害。他是50岁以后原发性高血压、76岁直肠癌、79岁帕金森。就诊医生调增了美多芭的用量，没有丝毫缓解。老师，他应该如何进行调治呢？
1303,创设良好社会环境   针对当前时而发生的伤医事件，请大家谈谈：如何通过为患者创设良好的社会环境而避免或减少此类事件的发生？
1304,药理学所包括的范围及内容   老师，药理学是分为药物效应动力学和药物代谢动力学吗？药理学应该能笼盖的很多内容吧？老师我有点混淆，药物效应学和药物代谢动力学就是药理学吗？还是说，药理学还能再分呢？
1305,人工智能中医学    过去对中医的电脑化诊断曾经有人作过努力，但市场平平，如今具有自主学习能力的olly是否在此方面有所成就呢？
1306,古人是怎么从那么多材料里面选出来艾蒿这种植物作为灸的原料？
1307,痛风是不可治愈的吗？ 痛风是不可治愈的吗？如果是，真是太可怕了吧
1308,第八周 第一题    常用药：消毒药水，生理盐水，抗生素成份的消炎药膏，感冒用药，感冒糖浆，肠胃用药，皮肤用药，过敏药，消化药，单方用药，复方用药等
1309,灵长类动物为什么不能对掌？和人因为相差什么导致的？
1310,有机磷酸酯类中毒和阿托品过量中毒如何区分哪？
1311,求问甘氨酸类型及如何区分L型和D型氨基酸   天然蛋白质中氨基酸均为L型氨基酸，组成人体蛋白质的氨基酸除甘氨酸外均为L-α-氨基酸，但科学出版社的生化课本上写着“组成人体蛋白质的20种氨基酸均为α-氨基酸”，有点矛盾啊。另外，求问如何区分L型和D型氨基酸。谢谢。
1312,怎么样吃能学好内科，感觉好难记
1313,心阴阳    什么是心阴心阳？心阴是血么？心阳是气么？
1314,为什么鼓励早餐后半小时内尝试排便？  在促进人们养成规律的排便习惯时，为什么鼓励其在早餐后半小时内尝试排便？
1315,关于动作电位后电位  图中de段电位增大，为何还是后电位的去极化过程？
1316,田七 请问老师田七是三七吗？三七，丹参和西洋参是1：1：1配吗？三七和丹参都是活血的有什么侧重点吗？
1317,动作电位动力与阻力是什么意思？
1318,怎样不感染艾滋病   老师是不是，做爱时带安全套就不会得艾滋病了呀？
1319,外伤大量失血症状分析 19岁男性挖煤工，因矿路坍塌致体表多处受伤后急诊入院。患者面色苍白，皮肤冷湿，左脑部、背部、下肢皮下广泛瘀斑和多处皮肤破损。心率145次/分，血压72/48mmHg；呼吸32次/分；无尿；腹部有压痛，腹腔穿刺抽出血性液体。X线检查见左第2~4肋骨骨折，左股骨粉碎性骨折。剖腹探查见脾中心部破裂，腹腔积血约1000ml。诊断：外伤性脾破裂；左股骨粉碎性骨折和左肋骨骨折。 1.     该患者的失血量约占全身血量的百分比是多少？2.     该患者为什么心率增快，血压下降？3.     该患者为什么呼吸增快？4.     该患者尿量为什么减少？
1320,癫痫发作处理事宜   课程中提到癫痫发作时不可以向患者口中塞任何物体。患者在发作时会不会自行咬伤舌头，如果塞上软毛巾是否会安全些
1321,中医妇科-缺乳、回乳、产后恶露    21【缺乳】中医辨证治疗及下奶汤推荐22【回乳】23【产后恶露】
1322,胸闷，身上出油    老师，背，脸，脖子每天都出好多油，黄色的，不知道是汗还是油；晚上侧躺的时候胸口会疼，伸懒腰的时候胸口会有响声；请问这是哪里出了问题？肾脏还是肝脏？体内湿气重会出现上述症状吗？
1323,这个“量的变化”指的是什么量不变呢，三羧酸循环最后一步合成的草酰乙酸上的C不是来自于乙酰CoA吗？
1324,关于系统分类 老师您好，我曾经在其他版本的课本中看过另一种说法，人体可分为十大系统，即多出一种免疫系统，这种说法准确吗？
1325,瘀点 舌的右边有几个瘀点，是不是胆有瘀血？
1326,为啥没穴位。 在腹部，当脐中上1寸，前正中线旁开0.5的肾经为啥没有穴位昵？
1327,吞咽困难   糖尿病为何会导致食管平滑肌功能障碍
1328,以肱二头肌腱膜及肌腱为标志谈谈与周围神经血管的局部位置关系。
1329,治疗疾病，首选汤药。如果不方便购药或者熬药，才建议选择中成药治疗。
1330,超二级结构和模体   超二级结构是不是包括模体。然后两者既不属于二级结构也不属于三级结构？
1331,控制系统   老师，不能理解那个胰岛素，胰高血糖素究竟是怎样互相调节人体内血糖稳定的
1332,肺的肃降   气管里的异物通过肃降回到哪了，不会到肺里吧
1333,第十一周 讨论题   为什么收涩药常与补虚药配伍？
1334,各种类型肺炎痰液性质和颜色？ 各种类型肺炎患者痰液性质和颜色有些什么区别？
1335,高血压    第七章测试题。第一个。选卡托普利而不选 硝苯地平？？
1336,抗高血压药物 高血压伴心绞痛及哮喘患者，出现肾功能不全时，下列最适合的治疗药是A.氢氯噻嗪B.硝苯地平C.哌唑嗪D.卡托普利
1337,肝脏 肝血不足对于女性来讲是月经不调，但是对于男性有何表现？
1338,臂部有关血管神经的走行    以肱二头肌内、外侧沟为标志，分析臂部有关血管神经的走行及临床意义。
1339,老师，您好。请问包皮过长什么年龄段做手术比较好一点
1340,外感后干咳！ 女性，外感后干咳，无痰，咳时为三四声咳，夜间为重，舌质谈白！是否为寒咳！
1341,夏天怕热，冬天怕冷这是什么病理    我夏天别正常人怕热，冬天比正常人怕冷，这是因为阴阳两虚吗
1342,请问老师针灸练习的禁忌有哪些？
1343,作业 患者男性，30岁，头晕、头痛、恶心、呕吐1周，体格检查：T36.6℃，P80次/分，R20次/分，BP180/100mmHg，神志清楚，双下肢明显水肿，Hb60g/L，尿蛋白（+++），蜡样管型0~1个/HP，尿红细胞2~3/HP，CO2CP 13mmol/L，BUN 21mmol/L，家庭经济困难。（1）该患者初步的医疗诊断（3分）（2）患者目前的主要护理诊断（5分）（3）如何对患者进行健康教育（12分）
1344,经络 胸腹前的三侧线，分别是哪三条经脉经过？分别距正中线多少寸？
1345,课堂讨论——案例（七）    老年男性，72岁，因右侧肢体活动不灵12小时入院。颅脑磁共振检查提示左侧基底节区脑梗塞。1. 入院查体时深反射和病理反射可能出现的阳性体征是什么？2. 此患者治疗半月后出院，出院后继续进行口服药物治疗和康复治疗。半年后查体右侧肢体上肢肌力近端3级，远端0级，下肢肌力近端4级，远端3级。目前深反射和病理反射可能出现的阳性体征是什么？
1346,怎么记住这十二经脉的名字？
1347,课堂讨论——案例（九）    患者，苏某某，女，22岁。主诉四肢紫癜、头晕2个月，阴道大量出血10多天。患者于两个月前开始四肢紫斑，头晕、心慌，间有低热，关节酸痛，偶有鼻血，10多天前阴道出血，量多，经输血等治疗，效果不好，乃入院治疗。 过去月经周期正常，经量不多。体格检查：体温38℃，脉搏98次／分，血压15／9kpa。轻度贫血貌，四肢散在性紫癜，右臀部有大块紫斑，无压痛，浅表淋巴结不大，巩膜无黄染，口腔双例颊部粘膜可见小血泡，胸骨无明显压痛，肺(—)，腹软，无压痛，肝脾未触及。妇科情况未检，四肢关节无红肿．活动无障碍，神经系统检查无异常。外周血及骨髓检查：血红蛋白80g/L，白细胞2×109/L。中性杆状核5%，中性分叶核40%，淋巴52%，幼稚粒细胞3%，血小板10×109/L。骨髓象：增生明显活跃，原粒6%，早幼粒62%，后者细胞较大，脑浆丰富，可见大小不均的淡紫红色颗粒粒，核圆形，核仁1—2个，红系受抑制，全片未见巨核细胞，血小板少见。患者入院后检查：肝肾功能正常，凝血时间(试管法)6分钟，APTT 25秒(对照14秒)，PT 15秒(对照11秒)，纤维蛋白原定量1g/L，3P试验(+)，DD二聚体(+)。讨论问题：1. 患者止血与凝血检查有何异常？2. 根据本案例，请分析哪些因素引起出凝血异常。3. 根据以上案例信息，病人可能的诊断是什么？请列出诊断依据
1348,避孕药    避孕药一般指女性用避孕药，多由雌激素和孕激素配伍而成，也有单方的孕激素及一些非甾体药物。避孕药能影响生殖过程的不同环节，从而达到抗生育的目的。男性用避孕药目前还没有满意的药物。 根据作用机制不同，避孕药可以分为以下几类：①主要通过抑制排卵，并改变子宫颈黏液，使精子不易穿透，，如雌激素和孕激素组成的复方制剂。②主要通过改变子宫和输卵管的活动方式或其他方式，阻碍受精卵的运送，如小剂量孕激素，外用杀精剂和绝育药也属于此类。③主要干扰孕卵着床的药物，如大剂量孕激素。④主要影响子宫和胎盘功能的药物，如抗孕激素、3β-羟甾脱氢酶抑制剂及前列腺素等。根据给药途径的不同，避孕药可以分为口服避孕药、注射用避孕药、外用避孕药和皮下埋植避孕药。
1349,动作电位   有髓神经纤维与无髓神经纤维其动作电位在细胞膜膜上传导有什么差别?
1350,做好出院准备 出院患者在出院后不久再次住院治疗通常被作为医院质量评价的不良指标，那么作为护士如何在患者住院期间为其做好出院准备，减少其出院近期再次入院？
1351,运动对血压的影响   某正常男性青年在进行中等强度跑步运动后，测量有关生理参数如下：问题1.运动后每分输出量有何变化？为什么？ 2.运动后外周阻力有何变化？请说明你的依据。3.运动后脉压有何变化？试解释其机制。
1352,关于维生素B 维生素B（Vitamin B）旧称维他命B，是B族维生素的总称，它们常常来自于相同的食物来源，如酵母等。属于水溶性维生素。
1353,中医内科-气血津液病-3 自汗盗汗 4消渴 糖尿病 5长期低热    3 自汗盗汗证 【爱出汗 】 4 消渴（糖尿病） 5 内伤发热（长期低热）
1354,气管切开手术入路经过哪些层次？应该注意哪些问题？
1355,石门 老师：那石门穴的穴名有什么含义呢？它与胞宫有关系么？
1356,抑郁是因为肝病变还是因为抑郁引起肝病变
1357,痛经 老师：痛经选择脾经穴位时，有交叉选穴么？还是俩腿的三阴交，地机都针灸？
1358,为什么每天醒来后喉咙都痰？  女性，年龄50岁，毎天清晨醒后喉咙都有痰，并在漱口前咳出一小豆大的粘稠淡黄或白痰核，余无其他异常。
1359,请问老师竖脊肌损伤有何临床表现？又如何去保护呢？
1360,"老师，我自己试着针灸，好多问题，希望解救一下我    想学针灸，喜欢针灸，但是现在还没有师傅领着。所以好多问题，希望趁机问一下老师。我现在是在自己身上下针，想体会针感。患者该有的针感，和医者该有的针感我静心静气还是体会不到，或者是说不确定是不是体会到了。下面是具体的问题:1,老师，你们给患者用针的时候，很注重并且能很清晰体会到针感吗？2,《针灸甲乙经》上说，每个穴位要留针多少息。我看还有说，留针多少息没有具体要求，关键是气至，我有点晕乎。3,我找穴位的两个准则是，有凹陷，下针轻微痛或是不痛，这样找穴位，应该没问题吧？4,进针手法都是，左右捻转缓慢进针，这样行吗，我不太敢一下扎进去5,扎足三里时，针下到两三分时，总是进针困难，也感觉不到疼痛。每次都是反复捻转，向里用力，两三分钟，才能突破，然后就很顺畅下到1寸。老师，这是为什么？足三里淤堵吗？6，出针的时候，书上说，如果是释放邪气，需要摇大针孔，缓慢出针。补的话，气至，极速出针，按压针口。老师，你们也是这样操作吗7,艾灸，针灸时，唾液总是分泌旺盛。但有的时候，很黏稠，忍不住想咽，有时候，像是口水一样稀薄忍不住吐出来。好奇怪的感觉，不知道怎么回事"
1361,醛缩酶    醛缩酶分别在哪些条件下发生正反应和逆反应呢？
1362,阴阳 什么是阴中求阳？阳中求阴？
1363,糖尿病病人如何做好血糖的自我监测？
1364,面部危险三角及其临床意义   试述面部危险三角的构成以及面静脉与颅内海绵窦通连的具体途径。为什么说海绵窦血栓性静脉炎是一种非常凶险的疾病？
1365,如何从咳嗽声音及痰的变化等，来区别虚实？   如何从咳嗽声音及痰的变化等，来区别虚实？（请点击“回复”，回答本题可以获得讨论分。注意：点击“向老师提问”是没有讨论分的哟）
1366,空间结构和空间构想有什么区别？
1367,肠梗阻    老师：我肠梗阻的时候，医生把上下巨虚和条口穴都扎了，没有扎天枢和关元，这样选穴也是可以的吧？
1368,常见月经异常 常见症状
1369,如何辨别某种调节为自身调节，对于自身调节的定义不是很清楚
1370,测试这道题时，选了硝苯地平，但是答案显示是错的，想问一下老师，这道题硝苯地平可以扩管，降低心肌耗氧，为什么不用呢？
1371,老师好，那我们学习中医时，是站在西医的角度，还是在中医角度看
1372,湿邪 老师：尿道炎就是热淋吧？是湿热下注的原因，并且跟脾有关对么？它跟膀胱，肾有关么？
1373,动作电位   超极化后电位是如何恢复为静息电位的？
1374,比如：风寒、风热、燥热、风寒湿这些合邪为什么就不单独分个什么邪出来？
1375,心绞痛和心肌梗死区别 心绞痛和心肌梗死临床上有哪些不同？护士观察的重点有何不同？
1376,石门 老师：那石门穴的穴名有什么含义呢？它与胞宫有关系么？
1377,如何理解“有一份恶寒便有一份表证”？ 请你根据恶寒和发热同时出现的症状，说说你对有一份恶寒便有一份表证的理解！（请点击“回复”，回答本题可以获得讨论分。注意：点击“向老师提问”是没有讨论分的哟）
1378,什么是心包窦? 有何临床意义?
1379,精子产生和排出的途径。。。。
1380,了解硝酸甘油和速效救心丸的区别吗？  好多人总觉得心绞痛是服用急救药，但你懂得这两个的区别吗？
1381,问诊 孙老师：如果是恶寒轻发热重，是否可以认为是邪衰正盛呢？
1382,"合谷穴是手阳明大肠经的原穴，与手太阴肺经互为表里。肺主皮毛，又主一身之气，气体轻清，走上走表，针刺合谷穴可以清宣肺气，疏散邪热，主治“头疼，目赤肿痛，无汗，多汗”,合谷和复溜两穴阴阳相配，可以宣发泄热，也可以固护调补。采用不同的补泻手法可以对汗液产生不同的调节作用，先补合谷后泄复溜可以发汗；先泄合谷后补复溜可以止汗。"
1383,肾的结构   亨利氏套和鲍氏囊是什么结构，题目里面做到了但是没见过。
1384,男性会阴痒，隔几天痒一次，抓了会出水  男性会阴瘙痒，无性生活，可能是受到什么感染了，且面积逐渐变大这属于啥病，看完全部课程没有找到。希望好心人解答一下
1385,脑供血不足  老师好，请问由于颈椎凸出压迫椎动脉而导致脑供血不足，经常出现头晕，四肢无力，头重身重的症状，应该如何调理呢？
1386,如果想用短效口服避孕药 必须得先去医院咨询医生吗？  老师您好 我在来月经的时候会很痛 看了很多地方都说短效口服避孕药有缓解痛经的作用 但是我不敢乱买 是不是要先去医院检查呢？在网上问过药师 说用中药调理比较好吗？他给我推荐了乌鸡白凤丸
1387,为啥在面疼的时候可以用冷水插面
1388,肾脏组织间液和细胞间液的概念 请问老师组织间液和细胞间液是一个概念吗
1389,关于首关效应的问题  我想问一下关于首关效应，是不是只要通过消化道给药并且在药物进入血液循环中之前被消化道破坏掉的现象就叫做首关效应，或者说首关效应和首关消除是不是一个概念，青霉素口服以后被胃酸破坏为什么不是首关效应
1390,腹横筋膜在腹股沟深环延续为精索外筋膜？？？不妥吧？
1391,红白肌纤维的功能是不是讲反了 白肌纤维应该是收缩快，力度大，无氧糖酵解为主吧
1392,委中穴在腘窝正中，腘中，郄中，血郄，为足太阳膀胱经合穴。各经合穴都有会聚本经气血入脏腑的作用。委中穴会聚膀胱经的湿热水气，气血充足，具有舒筋通络、散瘀活血、清热解毒之功效，可疏通太阳经气。腰背疼痛正是气血凝滞不通，膀胱经从头至足，其中直行经脉夹行脊柱两侧，直达腰部，沿膂内深入内腔联络肾脏入属膀胱，复从腰部分出，夹脊柱穿过臀部直下膝窝之腘窝中。另一支经过肩胛夹脊柱下行过髀枢部；沿大腿外侧后缘下行，与前支会合于委中穴。委中穴位于两条支脉的相合处，有疏调经气，达到通则不痛、强腰健膝的作用。故根据“经脉所过，主治所及”的循经取穴规律，所以腰背疼痛大多取穴委中。
1393,生理学抗凝  老师，有没有生理性抗凝的内容
1394,骨度分寸法  两锁骨之间是多少寸？6寸？
1395,湿疹问题   我的双腿膝盖以下每天都很痒，看过皮肤科医生，诊断为湿疹，给开了一些乳膏，用药阶段不痒，一停药还是发痒。请问老师，湿疹在中医方面有没有相应的治疗手段。谢谢！
1396,西医慢性胃炎，又有肠化中医的叫法是什么？
1397,关节或关节面呈冠状位怎样判断？    怎样利用人体基本面或基本轴对关节的冠状位或矢状位进行判断？
1398,第二单元测试第三题肘横纹到腕横纹骨分寸长度没有正确答案
1399,不同类型呼吸衰竭患者的护理  Ⅰ型和Ⅱ型呼吸衰竭患者的护理有哪些区别？
1400,为什么听小骨一般不计入人体骨？
1401,与正常人不一样的颅骨 老师，我在实验室看标本，发现有一个颅骨在枕骨处有一条裂缝，与矢状缝相似，就像多了一块骨，是什么呢？
1402,针灸模型   老师，有可以在家里联系扎针灸的人模具么？
1403,绪论 第一题 下列哪项属于“症状”？答案没理解    A 喉中痰鸣 C 脉细无力 D 舌红苔黄   这些不都是症状吗？
1404,请选择下面你感兴趣的问题进行讨论   1、 在何情况下可在耻骨联合上方作膀胱的腹膜外手术或穿刺？2、 腹膜外剖腹产术的解剖学基础是什么？试解释这种手术的优点。3、 精子和卵子相遇前经过了哪些结构？4、试用本章知识解释近视眼产生的原因和症状。5、试用本章知识探讨点眼药水的最佳位置。6、遇到巨大声响如爆炸时，应该如何保护耳？
1405,选第一题   家用药箱应该准备以下几类药品: 消毒药水、生理盐水、含抗生素成分的消炎药者、感冒用药、单方药物、复方药物、感冒糖浆、肠胃用药、皮肤用药，以及一些针对家庭突发疾病的药品
1406,为什么左旋多巴的不良反应会有运动障碍？    多巴胺受体过度兴奋不是会一直脊髓前角运动神经元么？为什么会运动过多？
1407,第三题    1.片剂片剂多为白色，若颜色变深，表面出现花斑疏松、膨胀、受潮、粘连、发霉或结晶等现象出现时，说明该药品已经变质。 2．注射剂 注射剂的质地都是澄清的，如发现内有白点、沉淀物、浑浊、纤维、絮状物、杂质等，均不能使用。 3．其他剂型眼药水类，如有结晶析出，或有霉点、絮状物出现，浑浊及变色均不可使用；粉针剂，当粉末受潮后结成块或粘瓶壁时，不可再使用；酊剂，出现发霉、沉淀或异味时不可使用。丸剂，如出现发霉、水丸松解或潮解、蜜丸变硬、变干、虫咬或出现异味等，均不能使用
1408,课堂讨论——案例（三）    患者女性，20岁，学生。主诉：怕热、多汗、心悸、消瘦2月余。现病史：患者2月余前无明显诱因开始出现怕热、多汗、多食、消瘦，2月来体重减轻约10kg，易怒、失眠，思想不集中，记忆力减退，伴心悸、胸闷、气短，活动后明显，为进一步诊治入院，门诊以“心悸、消瘦原因待查”收入院。患者自发病以来，精神、体力差，多食、消瘦、睡眠差，大便次数增多，3次/天，不成形糊状便，小便正常，停经半年余。既往史：否认有肝炎、结核病史。请给出诊断、诊断依据及鉴别诊断。
1409,"各种药物的吸收速率  老师你好,我在第7版朱依淳老师的药理学上看到药物的吸收速率是吸入〉舌下〉肌内〉皮下〉口服〉直肠〉皮肤"
1410,穴位 按压身体某个部位会出现跳动，是否是穴位所在？
1411,脑出血和蛛网膜下腔出血有何区别？
1412,为什么经常出手汗，脚汗特别是天气热
1413,胸椎的肋凹  这里的全肋凹，和半肋凹是什么意思啊？
1414,房事养生   老师，60以上应当不泄，那20多岁的人如果内心平静，清心寡欲，可以管理好欲望，不泄反而身体感觉更好，是不是应该不泄呢？
1415,DNA的变性因素，  不能引起变性的因素？A.尿素  B.高温  C.乙醇  D氢氧化钠.请问老师这一题怎么选，答案是C，根据课上提到的，高温，过量的酸，尿素以及有机溶剂如乙醇可以使DNA变性，是这一道题有问题还是有其他原因？
1416,痛经 痛经，针灸好还是艾灸好。还是同时都用好？只取三阴交可以吗？
1417,老师，如果一个孕妇怀了五胞胎，这时母亲会同时排出几个卵子？
1418,外周ADr能神经合成与释放的递质是多巴胺？为什么？
1419,脾虚 老师，您好，请问48岁男子，便溏一年多，刚开始的时候伴随有胃胀、嗳气、反酸的症状，脚气重夏天还有破损不易长好的现象，便溏一天3-4次，水样。现在胃部的不适没有，胃口很好，脚气不像开始那么厉害，但是手指头部位的皮肤起硬皮易破裂，便溏情况还有，大便一天次数1、2次，粥样粘稠，偶尔会成形。肚皮周围会有凉感，到干燥日晒的地区别人都热，他却很舒适是不是典型的喜燥恶湿。老师，您说是单纯的脾虚吗，现在主诉便溏和手指头皮肤易裂问题。日常应该怎么注意治疗呢，谢谢老师。
